text,trans
うふふっ、どの子も可愛かったけど……\n今回の合格者は──,呵呵，虽然每个人都十分可爱……\n但是这次合格的是──
合格の子、素敵だったわよ\nアタシ、気にいっちゃった。どんどん活躍してってね,合格的偶像，非常棒哦\n我很喜欢。多多活跃吧
おめでとうございます。ランクアップです\nまたひとつ、夢に近づきましたね！,恭喜你！排名上升了。\n向着梦想又靠进了一步！
シーズン終了です。残念ながら目標には届きませんでした\nやはり、壁は厚いですね……,季度结束了。很遗憾没有达成目标\n果然很困难呢……
プロデューサーさん、シーズン１が終了しましたよ\n次のシーズンも一緒に頑張りましょう～,制作人先生，第一季度已经结束了\n下个季度也一起加油吧～
プロデューサーさん、シーズン終了です！\nその見事な手腕、来シーズンも見せてくださいね！,制作人先生，本季度结束了！\n这出色的工作能力，下季度也让我见识见识吧！
今日は休みにしようか\n疲れを取って、また頑張ろう,今天就休息一下吧\n缓解疲劳，然后继续努力
それでは発表します\n今回の合格者は──,那么接下来发表\n这次合格的人是──
合格者の方、おめでとうございます！\n本番まで、しばらくお待ちください,恭喜各位合格者！\n在正式演出之前，请稍事等待
う～ん、みんなビシッとキマってたが\n今回合格したのは──,唔，虽然大家都表现得很出色\n但是这次合格的是──
合格した人、おめでとう！\nよかったよ。本番もその調子でやっちゃって！,祝贺合格的各位！\n做的不错。正式演出也请保持优异表现吧！
お待たせしました。審査が終了しましたので、\n『W.I.N.G.』準決勝の結果発表をさせていただきます,各位久等了。审查结束了，\n接下来发表“W.I.N.G.”准决赛的结果
準決勝合格者の皆さま、おめでとうございます\n次は決勝です。ぜひ、今までで最高の姿を見せてください,准决赛合格的各位，恭喜你们\n接下来是决赛。请务必展现出迄今为止最棒的表现吧
次はぁ、ちょっとだけ本気だしちゃいますねー,接下来，稍微认真一点吧
お待たせしました。審査が出そろいましたので、\n『W.I.N.G.』決勝の結果発表をさせていただきます,各位久等了。审查结果出了，\n接下来发表“W.I.N.G.”决赛的结果
優勝者の方、おめでとうございます\nその他の方々は惜しくも敗退です。お疲れさまでした,恭喜优胜者\n其余各位很可惜没能取胜。大家都辛苦了
もう少し真面目にレッスンすればよかったです……,要是之前再稍微认真练习一下就好了……
プロデュースお疲れ様でした\nこの後は、フェスへ参加してみましょう！,制作人辛苦了\n那么等一下试试参加Fes吧！
プロデューサーさん、シーズン２が終了しましたよ\nみなさんと一緒に、リハーサルも頑張ってくださいね～,制片人先生，第2季度已经结束了\n接下来也请同大家一起加油排练吧～
合格の子、素敵だったわよ\nアタシ、気にいっちゃった。どんどん活躍してってね,合格的孩子，表现得真不错呀\n我很中意你。
合格者、おめでとう\nああ、他の子たちはもう帰っていいわよ,合格者，恭喜你\n哦，其他选手已经可以回去了
合格の人、おめでとう！\n他の子たちは、帰っていいよ。おつかれー,合格的人，恭喜你！\n其他人可以回去了。辛苦了ー
合格者の方、おめでとうございます\nそれ以外の方、お疲れさまでした,合格的那位，恭喜你\n其他的孩子，辛苦你们了
準決勝合格者の皆さま、おめでとうございます\n今、呼ばれなかった方は、ここで脱落となります,准决赛合格的各位，恭喜你们\n刚才，没有被叫到名字的，在这里被淘汰了
優勝者の方、おめでとうございます！\n皆さんに姿を見せてください。ここがアイドルの頂点です！,获胜的孩子，恭喜你！\n给大家展示你的英姿吧。这里就是偶像的顶点！
『W.I.N.G.』優勝です。おめでとうございます！\nプロデューサーさんなら成し遂げるって信じていましたよ！,“W.I.N.G.”优胜了。恭喜！\n我一直相信着制作人肯定能做到的！
それから今週は……\nもうひとつ、大事なお知らせがあるんです,然后这周啊……\n还有，一个重要的通知
本当に残念ですが、先程、連絡があり、\n「W.I.N.G.」への参加はできないと伝えられました,真的很遗憾，刚才得到了通知，\n无法参加“W.I.N.G.”
なんと……「W.I.N.G.」出場が決まりました\nやりましたね。プロデューサーさん！,真的……能参加“W.I.N.G.”了\n成功了呀。制作人！
やりましたね。白熱した戦いでした\n特に彼女のパフォーマンスは圧巻でしたよ！,胜利了呢。真是一场白热化的比拼\n她的表演尤其精彩呀！
……さすがに、強豪ぞろいでしたね\n『W.I.N.G.』、本当にお疲れ様でした,……不愧是豪强云集啊\n“W.I.N.G.”，真是辛苦了
完了まで,距离结束

#GRAD,
お待たせしました。審査結果を発表いたします\n『G.R.A.D.』予選を通過したのは……！？,久等了。现在公布审查结果\n通过“G.R.A.D.”预选的是……！？
予選通過の皆さま、おめでとうございます！\n本選でもその魅力を発揮してください！,通过预选的各位，恭喜你们！\n正式评选也请发挥出那份魅力吧！
予選通過の皆さま、おめでとうございます！\n呼ばれなかった方は、残念ながらここで脱落です……！,通过预选的各位，恭喜你们！\n没有被叫到名字的人，很遗憾被淘汰了……！
お疲れ様でした\n結果は残念でしたが……まだ諦めないでくださいね～,辛苦了\n虽然结果很遗憾……还请不要放弃～
敗者復活戦の出場が決定しました\nここで勝てば、本選のステージに立つことができますよ～,决定要参加败者复活赛了\n只要赢了就能参加正式评选哟～
プロデューサーさん、一緒に頑張りましょう～,制作人先生，一起加油吧～
プロデューサーさん、シーズン１が終了しました\n次も一緒に頑張りましょう～,制作人，第一季度结束了\n接下来也一起加油吧～
プロデューサーさん、シーズン２が終了しました\n次は予選です。頑張ってくださいね～,制作人，第二季度结束了\n接下来是预选。请加油哦～
おめでとうございます♪\n『G.R.A.D.』本選の出場が決定いたしました,恭喜♪\n决定出场“G.R.A.D.”正式评选了
本選までまだ時間がありますので\nしっかり準備してくださいね～,离正式评选还有不少时间\n请做好充分的准备哦～
プロデューサーさん、シーズン３が終了しました\n次が最後のシーズンですよ～,制作人，第三季度结束了\n接下来是最后一个季度哦～
シーズン４まで終了しました\nいよいよですね～。私もドキドキしてきました,第四季度结束了\n就快到了呢～。我也紧张起来了
お待たせしました。審査結果を発表いたします\n返り咲くのは、果たして……！？,久等了。现在公布审查结果\n赢得了参加正式评选资格的人，到底是……！？
合格の皆さま、おめでとうございます！\n本選への出場が決定いたしました……！,合格的各位，恭喜！\n你们可以参加正式评选了……！
合格の皆さま、おめでとうございます！\n呼ばれなかった方は、残念ながらここで脱落です……！,合格的各位，恭喜！\n没有被叫到名字的人，很遗憾被淘汰了……！
お待たせしました。審査が出そろいましたので、\n『G.R.A.D.』本選の結果発表をさせていただきます！,久等了。审查结果出来了，\n现在公布“G.R.A.D.”正式评选的结果！
おめでとうございます！\n今最も輝くアイドルに、盛大な拍手をお願いします！,恭喜！\n请向这位最为耀眼的偶像，献上热烈的掌声！

Landing Point,
プロデューサーさん、シーズン１が終了しました\n次のシーズンも頑張っていきましょうね～,制作人，第一季度结束了\n下个季度也请继续加油哦～
プロデューサーさん、シーズン２が終了しました\n次はどの曲を練習しましょうか？　頑張りましょうね～,制作人，第二季度结束了\n接下来练习哪首曲子呢？加油哦～
プロデューサーさん、シーズン３が終了しました\nライブの準備もラストスパートです。応援していますよ～,制作人，第三季度结束了\nlive的准备也到最后冲刺阶段了。我会为大家加油的～
シーズン４まで終了しました。ついにライブ本番です～\n練習の成果、存分に発揮してくださいね♪,第四季度结束了。终于到正式live了呢～\n将练习的成果尽情发挥出来吧♪

#试镜后↓,
合格ですかっ、ありがとうございますっ！,合格了吗，非常感谢！
不合格ですか……、次はもっと頑張りますっ,不合格吗……，下次我会更加努力的
……合格できたんだ、良かった……,……合格了，太好了……
まだまだ、レッスンが足りないな……,练习还远远不够啊……
プロデューサー！　合格したよ！　やったぁ！,制作人！我合格了哦！太好了！
あれっ、ダメだったんだ……悔しいなぁ,咦，不行啊……好不甘心
うちが合格！？\nおお……自分の才能が恐ろしか～！,我合格了！？\n噢……自己的才能真是可怕～！
ありゃ、今回はちょっと調子悪かったかな……,哎呀，这次是状态不太好吗……
いつも通りにやっただけですケド、良かったですー,我只是照常做了，结果还挺好
あぁ、落ちたんですねー,啊，落选了呢
よし、合格できた\nこれでファンの人たちを喜ばせる機会ができたな,好，合格了\n这样就有了让粉丝们开心的机会呢
不合格か……\n次の対策を考えないと……,不合格吗……\n必须要考虑下次试镜的对策啊……
やっりぃ！　すごいすごーい！,很好！太棒了！
あちゃー、さすがにちょっと厳しかったかー,哎呀，有些严格啊
合格……本当……かな……,合格……真的……吗……
やっぱり……そうなんだ……,果然……是这样……
やったぁ、合格しました！　ありがとうございます！,太好啦，合格了！非常感谢！
不合格ですか……\n次は、もっと頑張ります！,不合格吗……\n下次我会更加努力的
えっ、私？　ほんとに！？　──やったぁ！,诶，我吗？真的！？——太好了！
あっ……！　……私じゃ、ダメなのかな……,啊……！……我的实力不足吗……
よしっ！　なんとか合格したみてーだな,好！顺利合格了
まあ、仕方ねーか\n次、頑張ればいいだけだし……,没办法\n下次要继续努力……
合格……でしょうか……\n驚きました……,合格……了吗\n有些吃惊……
不合格……ですか……\n至らぬ凛世を……お許しください……,不合格……吗……\n请原谅……不成器的凛世……
合格したわ。まあ、当然の結果ね,合格了。嗯，理所当然的结果
これで終わりじゃないわ。次に繋げるのよ！,还没有结束。下次我会更加努力的！
甘奈、合格なの？　やったー☆,甘奈，合格了？太好啦☆
あちゃー、ダメだったかー……こういうときもあるよね,哎呀，不行吗……也会有这种时候呢
甜花が……合格……？　ほ、ほんとに……？,甜花……合格……？真、真的吗……？
不合格……やっぱり、甜花じゃ……ダメだったね……,不合格……果然，甜花……做不到呢……
わぁ、合格しちゃったの……！,哇，合格了……！
まあ、ダメなのね,哎呀，不行呢
あ、合格できたんだ,啊，合格了呢
う～ん……なんでなんだろ,唔……为什么
わあっ！\nえへへ、嬉しいです！　ありがとうございます！,哇！\n诶嘿嘿，好开心！谢谢！
みなさん、とっても素敵でした……\n次は、ふゆも負けないよう頑張ります！,大家表现得非常棒……\n为了下次能合格，冬优会加油的！
あ～、よかった\nとりま、ひと安心ってカンジかな～,啊～太好了\n总之，暂时放心了～
これって……やっぱうちの……,这……果然我的……
──あ、合格なんだ,——啊，合格了
残念,遗憾
ありがとうございます、とっても嬉しいです,非常感谢，我很开心
はい、とても悔しいです,嗯，很不甘心
ご、合格……よ、よかった……！,合、合格……太、太好了……！
ふ、不合格……も、もっと頑張ります……！,不、不合格……我、我会更加努力的……！
やは～、雛菜合格～～～！,呀哈～，雏菜合格了～～～！
あは～、雛菜不合格～～～？,啊哈～，雏菜不合格～～～？
──やっ……たぁ……！,——好……耶……！
お世辞とか大丈夫なのでー……,恭维的话就不必说了——……
よかった…………,太好了…………
そう、良かった……,是吗，太好了……
……そう、ごめんね,……这样啊，对不起
……良かった……,……太好了……
そっか、合格……良かった、ありがとう,这样啊，合格了吗……太好了，谢谢
そっか……ごめんね,这样啊……抱歉
ごめんね\n応援してもらっておいて……ダメだった,抱歉\n大家都这么支持我……却还是不行
……着地、\n失敗しちゃったみたい、ごめんね,……着陆，\n失败了呢，抱歉
……そうなんだ,……这样啊
……ありがとうございました,……非常感谢

次はいよいよ決勝だ\nこれまでにないほどファンのみんなを楽しませられるね,下次终于是决赛了\n能让粉丝们感受到前所未有的快乐呢
アイドルになれたからこそ\n私は本当の意味で人を喜ばせられたんだろうな,正因为成为了偶像\n我才能真正意义上使别人感到快乐吧
よっしゃ……\nあ、え、えっと……えへへ、すっごく嬉しいです♡,太好了……\n啊，那，那个……诶嘿嘿，冬优非常高兴♡
……へ？\n……えっと……ふ、ふゆが、一番、なの……？,……欸？\n……那个……冬、冬优是，第一名……？
わーいっ！　また正義のアイドルに一歩前進ですっ！,太好了！又朝正义的偶像前进了一步！
全力で戦えました！\n次は合格できるように、もーっと頑張ります！,尽全力了！\n为了下次能合格，我会更加努力的！
ついにここまで来れましたっ！\n決勝戦も頑張ります！,终于到这里来了！\n决赛我也会加油的！
す、スゴいですっ……！　努力の成果、ですよね！,好、好棒……！这就是，努力的成果是吧！
よっし！　大成功！　さっすが三峰って感じかなー？,好！非常成功！不愧是三峰呢？
やったやった！　大金星！\nこの調子でガンガン行っちゃうよー！,很好很好！成功了！\n就这么继续赢下去吧！
……、うそ、優勝？　私が……！？\n────よしっ……！,……，不是吧，我优胜了……！？\n————太好了……！
……ありがとうございます、嬉しいです,……非常感谢，我很高兴
……そうですか、残念です,是吗，真是遗憾
──……あ……\nうん、……ありがとうございます,——……啊……\n嗯，……非常感谢
……えっ──────,……诶──────

#wing半决赛、决赛后,
#真乃,
ここまで来たので最後まで頑張ります。むんっ,都来到这里了，我会努力到最后的。
ほわぁ！　夢みたいでとても感動ですっ,呼哇！像是在做梦一样，好高兴啊
#巡,
やったぁ！　決勝進出！　優勝目指して頑張るねー！,太好了！进入决赛了！我会朝着优胜加油的！
やっ……たーーーー！　優勝だよーーーー！！,我做到了————！赢了哦——————！
#摩美美,
……ふふ、悪い子の大勝利ですー,……呵呵，这是坏孩子的胜利
#圆香,
……嘘でしょ？　ふふっ……,……骗人的吧？ 呵呵……
……え？　ちょっと待って\n…………ライト、眩し…………,……诶？等一下\n…………灯光，好耀眼…………

#TV演出后↓,
#圆香,
お疲れ様、良かったよ！,辛苦了，你表现的很好！
そうですか,是吗
いや、本当に！\n度胸というか胆力というか……,真的很棒！\n该说是气魄还是胆量呢……
まわりをよく見ていたし、指示に対しても的確だった\nなかなかできることじゃない……驚いたよ！,好好地观察着周围，对于指示也做的非常到位\n挺能干的嘛……让我有些吃惊！
円香？\n……どうした、大丈夫か？,圆香？\n……怎么了，你没事吧？
いえ、別に。聞き流していただけです,没什么。只是把你刚才说的话当做了耳旁风而已
お、おお……そうか,哦，哦……是吗
とりあえず、ありがとうございます,总之，谢谢了
このくらいで褒めてもらえるなら、\nそれなりにやっていけそうですね,只是这样就能得到夸奖的话，\n感觉可以继续干下去呢

お疲れ様！\nどうだった？,辛苦了！\n怎么样？
別に、普通です,一般般吧
ははっ、円香らしい感想だな,哈哈，这感想真有圆香的风格啊
……ワンパターンみたいに言われるのも癪ですね,……被说成像是只会讲些老一套的话真是让人不爽
お、それじゃあ他の感想は？\n円香が思ったことや感じたこと、教えてくれ,喔，那还有别的感想吗？\n圆香的想法或是感受，告诉我吧
秘密です,这是秘密
えっ、ずるいぞ\n今度はそういうパターンなのか？,诶，太狡猾了\n这次换成了这种回答吗？
ずるい？　ふふ、かわいらしい語彙力\n小学生よりも稚拙な煽りしかできないんですね,狡猾？呵呵，你的词汇水平还真是可爱\n只能做出这种比小学生还幼稚的煽动呢
いやいや！　ええと……\nうん、話したくなったら、いつでも話してくれていいからな,哪有！呃……\n嗯，你现在不想说的话，等以后想说了再说也没问题
はい、とっても大人な対応をありがとうございます,好的，谢谢你这么明事理的回应

#support技能 体力支援↓,
一緒に日向ぼっこしよう？,一起去晒晒太阳吧？
いい曲見つけたんだけど、一緒に聴かない？,我发现了一首很不错的曲子，要来一起听听吗？
せっかくだし、一緒にどこか行こうよ！,机会难得，一起去别处逛逛吧！
三峰からの提案です！\nちょっとばかし、親睦など深めてみません？,三峰有个建议！\n虽然有点傻，要不要和我加深一下友谊？
息抜きに、どこか行こうじゃないか,一起找个地方休息一下怎么样
うちと一緒にお料理せんと？\n作って食べ合いっこするばい！,要不要来和我一起做饭？\n做好了一起品尝！
今度一緒に遊びに行こーよぉ,下次一起出去玩吧
あのね、すっごくきれいなお花が咲いてて……\n次のお休み、一緒に……見に行かない？,那个，非常漂亮的花盛开了……\n下次的休息日，要一起……去看看吗？
せっかくだし、一緒にお茶でもしましょう？,机会难得，一起喝杯茶吧？
次のご休暇は、お供をいたします……,下一个假日，让我来陪您度过……
甘奈と一緒にどっか行こ？,和甘奈一起去逛逛吧？
あの……一緒に、お昼寝……したい……\nダメ……？,那个……想一起，午睡……\n可以吗……？
一緒に雑貨屋さんをめぐりましょう？,一起去逛逛杂货店吧？
わたしと一緒に楽しいこと探すっす！,和我一起去找有趣的事情吧！
えへへ！　ふゆ、もっと仲良くなりたいです！\n一緒にお話しできたら嬉しいなぁ……,欸嘿嘿！ 冬优，想和大家变得更加亲密！\n要是能和我一起聊聊天就好了啊……
お休みに、チョコアイドルプレゼンツの\nスイーツ食べ歩きツアーなんてどうでしょうかっ？,
あの、あたしと一緒に遊びましょう！,那个，和我一起去玩吧！
うちとカラオケいかな～い？,要和咱一起去卡拉OK吗～？
……うん、構わないけど,……嗯，可以啊

#support技能 体力支援 回复↓,
わ、わたしでよければ……！,我、我可以的话……！
凛世で、よろしければ……,凛世，可以的话……
うんっ、いいよっ,嗯，好啊
ぜひぜひ！　よろしくです,务必务必！ 有劳了
めんどーじゃなければいいよー,不是很麻烦的事情就可以ー
うん！　もちろんいいよ！,嗯！ 当然可以！
うん！　よかよ～！,嗯！ 太好了！
わぁ！　いいんですか！？\nはい、喜んで、です！,哇！　可以吗！？\n好，我很，很开心！
もちろん！　おっけーです！,当然！ OK！
甜花で……いいの？\nにへへ……うれしい……,甜花……可以吗？\n诶嘿嘿……好高兴……

#完成训练或工作时↓,
やりました〜,做到了〜
いえーい,耶——
いぇいっ！,耶！
よし,好
よしっ！,好！
よしっ,好
よ、よし♪,嗯…好♪
成りました……,成了……
やっりぃ！,做到了！
やったぁ！,成功了！
やった！,做到了！
うん,嗯
ん……,嗯……
やは～,呀哈～
よっしゃ！,好！
……うん,……嗯
よーし,好
え、えへ……！,诶、诶嘿嘿……！

#训练或工作失败时↓,
あ……,啊……
あっ……,啊……

#感谢祭选择帮忙时↓,
ふんふ～ん！\nな～んでも任せとって！,呼～呼！\n全部交给我吧！
灯織、来週から手伝いを頼めるか？,灯织，下周可以请来你帮下忙吗？
わかりました\nお役に立てるよう、頑張ります,我明白了\n我会尽我所能的
めぐる、来週から手伝いを頼めるか？,巡，下周可以请来你帮下忙吗？
もっちろんだよ！\n何すればいいかなー？,当然可以！\n我该做些什么呢——？
智代子、来週から手伝いを頼めるか？,智代子，下周能拜托你来帮忙吗？
わかりました！\n……えへへ、差し入れ何にしようかな～？,我明白啦！\n……嘿嘿，慰问品选什么好呢～？
樹里、来週から手伝いを頼めるか？,树里，下周可以请来你帮下忙吗？
おー、おっけー\nアタシも、みんなでいい感謝祭にしたいからな,噢——，好啊——\n我也想和大家办一场出色的感谢祭
夏葉、来週から手伝いを頼めるか？,夏叶，下周可以请来你帮下忙吗？
いいわ、任せてちょうだい！,好啊，交给我吧！
霧子、来週から手伝いを頼めるか？,雾子，下周可以请你帮忙吗？
は、はい……！\nあの……頑張ります……！,好、好的……！\n那个……我会努力的……！
透、来週から手伝いを頼めるか？,透，下周可以请来你帮下忙吗？
小糸、来週から手伝いを頼めるか？,小糸，下周可以请来你帮下忙吗？
は、はい……が、頑張ります……！,好、好的……我、我会加油的……！
にちか、来週から手伝いを頼めるか？,日花，下周可以请来你帮下忙吗？
あ、はい,啊，好的
美琴、来週から手伝いを頼めるか？,美琴，下周可以请来你帮下忙吗？
いいけど……何をしたらいいの？,可以是可以……我该做些什么呢？


#偶像的恶作剧【蒙眼睛】,
#日花,
だーれだー……,我～是谁——……
……うわ、なんか\nめっちゃめちゃシャンプーの匂いする,……哇啊，能闻到\n很香的洗发水味
……っ\nマジで顔べったべたなんですけど！,……\n你的脸真的好油啊！

#美琴,
……誰だかわかる？\nプロデューサー,……猜猜我是谁？\n制作人
……すごい\nどうしてわかったの？,……好厉害\n你是怎么知道的？
……そう\nわからないよね、声だけだし,……这样\n分辨不出来呢，毕竟只有声音

#信赖度Level↓,
#真乃↓,
あ……あのっ、いつもご迷惑をおかけしちゃって\nすみません……っ\nこ、これからもよろしくお願いしますっ,那……那个，一直以来给您添麻烦了\n真是十分抱歉……\n从，从今以后也请多多指教
灯織ちゃんとめぐるちゃんの足を引っ張らないように\nもっとレッスンしなくちゃ……あの、プロデューサーさん、\n私がくじけないように見ていてくれますか……？,为了不给灯织和巡拖后腿\n要多进行训练才行……那个，制作人先生，\n
アイドルとして自信をもてるか、まだわかりません……\nでも、プロデューサーさんがいてくれたら、きっと……っ\nこれからもよろしくお願いします、プロデューサーさんっ,
お疲れさまです、プロデューサーさんっ\nあの……鳩さんに会いに、公園へ行きませんか？\nプロデューサーさんと一緒にお散歩できたらうれしいですっ,辛苦了，制作人先生\n请问，想不想去公园，和鸽子先生们相见呢？\n制作人先生要是能来一起散步的话就太让人开心了
プロデューサーさんに教えてもらったことが\n私の力になってるって、感じているんですっ\nだから最近レッスンもとっても楽しいなって思いますっ,
プロデューサーさんは、いつも背中を押してくれます\nまだ……色々不安に思うことがあっても\n私、プロデューサーさんを信じて頑張りますっ,
ふふ、ふかふかのパンケーキ…………ほわっ\nあ、あの……めぐるちゃんおすすめのカフェで食べたんです\n……ふたりとお話しながら、とっても楽しい時間でしたっ,
おやつにフルーツサンドを作りました\nあっ……プロデューサーさん、お腹空いてるんですか……？\nそれじゃあ、よかったら……どうぞ……っ,
プロデューサーさんのおかげで、今の私がいます\n……最初の一歩を踏み出した時から、これまでずっと──\nずっと一緒にいてくださって、ありがとうございます……っ,
あの……っ、いつも私のお話を聞いてくださって\nありがとうございます……っ\n誰かとこうしてお話しできるの……とってもうれしいなって,
……いつもそばに、灯織ちゃんとめぐるちゃんがいて\nいつもプロデューサーさんが支えてくださって……\n私……とっても幸せものだなって……そう思います……っ,

#灯织↓,
プロデューサー、お疲れ様です\n今日の調子ですか、問題ありません\nプロなんですから、気を付けるのは当たり前です,制作人，辛苦了\n今天的状态吗，完全没问题\n因为是专业的，注意好状态是理所当然的
なんだか眠そうですね……\n無理をするのは構いませんが、次の日に疲れを持ち越すのは\nよくないですよ、気を付けてくださいね,总感觉你很困呢……\n勉强自己虽然关系，但把疲劳带到第二天就不好了\n请注意好这点
ふぁ……、あ！　すみません……！　あくびなんて、\n恥ずかしいところをお見せしてしまいました……！\n気が緩んでいる証拠ですよね。注意します……！,呼啊，啊！ 抱歉！\n让你看见打哈欠这种丢人的地方了……！\n这是松懈的表现吧。我会注意的……！
あの……私の話し方って、どう思いますか？\nちょっと、キツめというか、厳しい……ですよね\n直したいんですけど……どうしたらいいか……,那个……你觉得我的说话方式，怎么样？\n是不是有些严厉……了呢\n我想改正它……该怎么做才好呢……
日頃から食事には気を遣うようにしてます\n栄養のバランスが偏ると、活動にも影響しますからね\nプロデューサーも、気を付けた方がいいですよ,平常就要特别注意饮食\n要是营养摄入不均的话，对活动也会有影响\n制作人，也注意一下比较好哦
よく笑うようになったって言ってもらえることが増えたんです\n……その。きっと……プロデューサーのおかげだから……\n……だから、頼りになるプロデューサーだと、思っています,
真乃とめぐるは、私にとっての光なんです\n私でも誰かの隣にいられるんだって、教えてくれたから──\n……巡り合わせてくれたこと、感謝しているんですよ,
『好き』だと言えるものは……あまり、ありませんでした\n……そう言えるものが増えたらいいなと思っています\nみんなが大事にしてくれる……私のことも、いつか──……,
ひとりでも多くのファンに笑顔になってもらいたいんです\nたくさんの笑顔をもらった今の私なら、できるって──……\n不安でも、信じています。……一緒にここまで来たんですから,

#巡↓,
プロデューサー！　お願いがあるの！\n今から一緒にお茶とかどうかな！？\nわたし、もっとプロデューサーとお話がしたいんだ！,制作人！ 我有个请求！\n现在一起喝杯茶怎么样！？\n我还想再和制作人多说说话！
この間、コーヒーに挑戦してみたの\nやっぱり苦くて、あんまりたくさんは飲めなくって……\nそしたら灯織が代わってくれたんだ、えへへ,前阵子，我尝试了喝一下咖啡\n果然非常的苦，完全没怎么喝……\n最后还是让灯织帮我喝完了，诶嘿嘿
今日のおやつはアイスなんだって！\nバニラ、チョコ、ストロベリー、抹茶……迷っちゃうなぁ！\nプロデューサーはどれにする？　好きな味、教えてほしいな！,听说今天的点心是冰淇淋诶！\n香草味、巧克力味、草莓味、抹茶味……好难选啊！\n制作人选哪个呢？ 告诉我喜欢的口味嘛！
プロデューサー、いつもありがとう！\n……えへへー！　こういうことをすぐに言えるのって、\nすっごく素敵なことだなって思ったんだ！　だからだよーっ,制作人，一直以来谢谢你！\n……诶嘿嘿！ 能把这种心情好好地表达出来，\n我觉得是一件非常美妙的事！ 所以啊
お疲れさまっ、プロデューサー！　あのね、\n後でホットミルク作ろうと思うんだけど、一緒にどうかな？\nはちみつ入りなの！　すっごく元気が出るんだよーっ,辛苦了，制作人！ 那个，\n我打算一会去煮几杯热牛奶，要不要一起？\n里面放了蜂蜜的哦！ 能让你马上就振作来
この間、『もしアイドルになってなかったら？』って\n聞かれてね、わたし、それは嫌だなぁって言っちゃったんだ\nだって、いつでもイルミネーションスターズでいたいから！,
何度だって一緒に春を待ちたいと思える人ができたんだ\n……プロデューサーと、プロデューサーのおかげで会えた\nみんなのことだよ,
八宮めぐるはこういう子なんだよー！　って、\nもっともっとみんなに知ってもらえるといいなぁ\n──えへへ、まだまだ頑張らなくちゃだよね！,
プロデューサーがプロデューサーでいてくれるのは、\n特別なことだってわかってるのに……\n隣にいるのが当たり前すぎて、忘れそうになっちゃうんだ,

#恋钟↓,
んふふ～\n『うまか～』か『うれしか～』\nうちとおる時はどっちかやけん、約束～！,
ね～ね～\n今、うれしか～？\nね～今～、ね～～プロデューサー！,
かかとの高か靴の日も……\nそいでタクシーのつかまらん～って時でも、\n──一緒に歩けるんは、うれしかぁ,
棒のアイスと～あんまんやろ～？\nはんぶんこが、うれしかよ,
うちと出会う前も、\nプロデューサーはい～っぱい\nうれしかことのあったとやろ……？,
プロデューサー！\n今日、うまか～とうれしか～\n何個あったと～？,
うまか～も、うれしか～もなか時は\nうちがご飯作っちゃるけん！\n一緒に食べよ～,
ね～プロデューサー！\nね～ね～、プロデューサー、ね～\n──……呼んだだけ～！,
うまか時には、うまか～って\nうれしか時には、うれしか～って……\n──んふふ～、今はどっちもやね～,

#摩美美↓,
プロデューサーに会うまでは……\n私には、足りないものも、できないことも\nなかったはずなんですよねー,
アンティーカのみんなとか、プロデューサーとか……\nこんなふうに、特定の誰かとずーっと一緒にいるのって\n今まであんまりなかった気がしますー,
プロデューサー、事務所でペット飼いませんかぁ？\n爬虫類がおすすめですよー\n可愛いし、エサの頻度も少ないし、何より可愛いのでー,
夜の街は、眩しくて、暗いから……\n色んなこと、隠してくれたんです\nだからまみみは、夜に迷っていたのかも,
アイドルになってから、簡単にいかないこと\nばっかりで──ケド、諦めるなんて、ダサいから\n…………本当、大変ですよね,
未来のこと、考えたことなんてなかったんですケド……\n今は、未来でもこうやって笑ってられたらいい──\nなぁんて、思うんですよねー,
サインは私がここにいるって証ですー\nってことでプロデューサー、目、閉じてくださいー\nふふー、『ま　み　み』──……,
プロデューサーはいつも暑苦しいし、\nたくさん無茶振りもしてきますケドー……\nまぁ……それがないのはちょっと、退屈かもしれませんねー,
──ねえ、プロデューサー\n……まみみを、みつ…………ぅ\n……その、ありがとう……ございます,

#咲耶↓,
プロデューサー\nアナタが仕事に励む姿は、とても勇ましく魅力的だ\nフフ、その頑張りに、私も応えなくてはね,
今日もアナタと仕事ができたこと、とても光栄に思うよ\n明日も、明後日も、その先も……\nアナタの隣で、アイドルであり続けたい,
お疲れ様、プロデューサー\nアナタはいつも、私のために頑張ってくれるけれど……\nたまには、アナタのリラックスした顔も見たいな,
絵の具は様々な色が混ざると濁ってしまうのに\n世界は混ざりあうことでより美しくなるから不思議だね\n……私とアナタで、この世界をどのように彩れるのかな？,
私のこれからについて……\nアナタは、どんな未来図を描いているのかな\n未来の私は、アナタを笑顔にさせられているだろうか,
私の知らないアナタのことを、もっと知りたいな\n楽しかったこと、喜んだこと、失敗したこと、後悔したこと\nアナタのことを余さず知りたいなんて……私はワガママかな,
ひとり、アナタのことを想う。……とても幸せな時間だ\nけれど、アナタと語らうひと時には敵わない\nだから……さあ、私と話をしないかい？,
ああ、プロデューサー\n……今日は、そうだね……\n少しだけ、私の話を聞いてほしいな,
アナタの傍は、とても心地がいいんだ\n穏やかで、優しくて、とても暖かい気持ちになれる\nだから……もう少しだけ、肩を借りていてもいいかい？,

#三峰↓,
プロデューサー、最近よーく三峰に声かけてくれるよねぇ\n……三峰のこと、そんなに知りたい？\nそっかそっかー。じゃあ、まだまだ頑張って構ってね！,制作人最近经常找三峰说话呢\n……就那么想知道三峰的事情吗？\n原来如此，那么，还要继续努力了呢
１月16日生まれの山羊座、Ｏ型。出身地は──\nええ？　プロフィールに載ってない話が聞きたいの？\n……それはだぁめ。まだポイントが足りないんだなぁ,出生于1月16日，白羊座，o型血，出身于──\n诶？不想听写在个人资料里的事情吗？\n…这可不行。得分还不够哦
三峰の好きなもの──よりもさ、三峰としては、\nＰたんの好きなものの話の方が気になっちゃうなーなんて！\nふふ、誤魔化してはないよぉ。話したいのは本当だもん,和三峰喜欢的东西──比起来啊\n三峰更在意P碳喜欢的东西什么的！\n诶嘿嘿，不是在捉弄你哦，三峰可是认真的
プロデューサーってば熱烈だね～\nそんなに真っ向来られたら、相手するしかなくなるじゃん\n妥協しないのも困りものだなぁ、まったく,制作人真是热情啊～如果那么直接地追求的话\n不就只能选择回应了吗\n不妥协也很困扰啊，真是的
いつも頑張る我らがＰたんに朗報！\n──三峰はぁ、Ｐたんにちょっかいかけてもらうの、\nそんなに嫌いじゃないようです！　……えへへ,有给一直在努力的P碳的好消息！\n──三峰啊，对于制作人的调情，好像并没有那么讨厌的说！\n……诶嘿嘿
三峰の好きなものはぁ……\nアンティーカと、事務所のみんなと……プロデューサー\n──２８３プロにいられるのが、何よりも幸せなの,三峰最喜欢的东西是…L'Antica，事务所的大家…还有制作人！──能在283事务所里，比什么都要幸福！
プロデューサープロデューサー。余計なお世話かなーとは\n思うんだけどさ、根詰めすぎないようにね？\n……三峰だって、大事な人の心配ぐらいするんだから,制作人制作人——\n虽然知道可能是在多管闲事──什么的，但也别努力过头了哦……\n三峰可是，在担心非常重要的人啊
三峰のこと、実はいい子、とか思ってるんだったら──\n三峰的には作戦成功……かな？　だって、そう見えるように\nっていうシタゴコロなんだから。……なんて、ねぇ？,如果觉得三峰真是个好孩子的话──\n三峰的作战就成功了…什么的？因为本来就想让别人看起来是这样\n之类的？
私を信じて見守ってくれるところも──そのくせここぞって時は、\n三峰の言うことなんか聞かずに踏み込んできちゃうところも──\n……感謝してるのって言ったら、信じてくれる？,一直相信并守护着我──\n关键时刻时，不顾三峰的话也会强行参与进来──\n对此很感谢这一点，可以相信三峰吗？
ここだけの三峰情報、その１！\n実家では飼っていたのに、今の家には猫がいないのは──\n……猫可愛さで、外に出られなくなりそうだからです……,独家的三峰情报，其一！\n老家其实养了只猫，现在的家里没有养是因为…\n猫实在是太可爱了，根本没法出门的说……
Ｐたんと一緒にアイドルを頑張っている三峰に、\nそろそろご褒美をくれてもいいのではないでしょうか……！\n……一緒にご飯なんか、ちょうどいい報酬だなぁ？,是时候，该奖励作为偶像和P碳一起努力的三峰了吧…！一起吃个饭，是个恰到好处的报酬吧？

#雾子↓,
白い……白い……コデマリさん……──\n病院に……咲いているんです……\n小さい頃から……ずっと一緒で……,
わたしたちだけの……秘密です……\nコデマリさんが……\n寂しがっていること……,
プロデューサーさん……\nコデマリさんの花は……春しか知らないんです……\n夏も……秋も……冬も……──,
コデマリさんに……教えてあげましょう……\n夏のお話……\n空と……海が……おでこをくっつけるお話……,
今日は……秋のお話をしましょう……\nオジギソウのみなさんが……\n月に……お辞儀するお話……,
今日は……冬のお話をしましょう……\n土の下で……\nたくさんのいのちが……夢を見るお話……,
春になったら……会えます……\nコデマリさんのお花……\nプロデューサーさんも……一緒に……,
ふふ……\nお花さんたちは……話しません……\nそんな気が……するだけです……,
お花さんたちと……わたし……\nそれから今は……プロデューサーさんも……\n全部の季節が……優しいです……,

#果穗↓,
アイドルになって、たくさん、たーっくさん！\n楽しいことや、わくわくすることが増えました！\nプロデューサーさんに、いっぱいいっぱいお話したいです！,
『最上、最愛、最高潮！　団結力ナンバーワンッ！』\nえへへっ、あたしたちが出てきた時に言うんです！\nジャスティスＶみたいに、カッコよく登場するんですよ！,
お菓子でも、『同じかまのごはん』になりますか……？\nあたし、プロデューサーさんと一緒に\n駄菓子のヨーグルトを食べたいです！,
あたしは、もっともっとたくさんの人を笑顔にしたいです！\nでも、ひとりじゃぜんぜんパワーが足りません\nだから、プロデューサーさん、ずっと一緒に戦いましょう！,
プロデューサーさん、マメ丸と遊びませんか！？\nうちの家族はみーんな、マメ丸と遊ぶと元気になるんです！\nお散歩もあわせると、効果はもーっと上がります！,
今日のレッスンで、動きが良くなったってほめられました！\nいっぱいがんばったので、プロデューサーさんにも\nほめてもらえたら、もっともっとうれしいです！,
プロデューサーさんに、肩たたき券をプレゼントします！\n──あたし、おうちでは、肩たたきのプロって呼ばれてるんです\nいつでも出げき準備万たんなので、どんどん使ってください！,
あたしが夏葉さんの歳になっても、プロデューサーさんの\n歳になっても、社長さんの歳になっても──……絶対！\nプロデューサーさんと一緒に、戦い続けてるんだと思います！,
プロデューサーさんがいるからいっぱい頑張れるし、\nどんなにピンチな時でも、大丈夫だって思えます！\nだから、ずっと一緒にいてください、プロデューサーさん！,

#智代子↓,
チョコアイドルは一日にして成らず──\nプロデューサーさんっ！　これからも二人三脚で、\n一緒に頑張っていただけたら嬉しいです！,
──はっ！　プロデューサーさん……！？\n違うんです、これは決してつまみ食いとかではなくて、\n美味しいチョコに失礼をしないためのですね──！,
みんなが一緒にいてくれて、プロデューサーさんが\n応援してくれていたら──\n私のクライマックスは、まだまだ終わらないんです！,
チョコはもちろん好きですけど、ケーキもアイスもクッキーも、\nお団子とか練り切りとかも大好きですよ\n美味しいものって、正義ですから！,
隣にいると、もっと頑張りたいな、もっと頑張るぞって、\n自然と気合が入っちゃうんです！　だから、\nプロデューサーさんの隣って、パワースポットなんですよ！,
……あれ。また見つかっちゃいましたね……！\nこれはみんなには内緒のチョコなので──\nプロデューサーさん、共犯しましょう！　どうぞです！,
……えへへ。プロデューサーさんは、\nいつも私と正面から向き合ってくれますよね\nそういうのは……とっても。とっても、安心しちゃいます,
実を言うとですね……本当にちゃんとアイドルできるか、\n最初は心配だったんです。……でも、今は大丈夫ですよ！\n一緒なら乗り越えられるって、ちゃんと知ってますから！,
──園田智代子は、プロデューサーさんのおかげで、\n今日もチョコアイドルとして元気に活動できています──！\nだから……いつもありがとうございます、ですよ！,

#树里↓,
アンタにはいつも助けられてばっかで……その、悪い\n──え……お、お礼の方がいいとか言うな！　誰かを頼りに\nするとか……そういうの、あんまり慣れてねーんだよ……！,
アイドルなんて、アタシのガラじゃない\n……けど、何かに向かってがむしゃらに突っ走るのは、\n結構好き……だと、思う,
トップになるにはまだまだ遠い……\nでもなんでだろーな、アンタとなら叶えられる気がするんだ\n……ナンバーワンも夢物語なんかじゃない、よな！,
ほんと、アンタってなんか危なっかしいんだよなー……\nちゃんと気を付けろよな\nこれでも……頼りにしてるんだからさ,
みんなで集まると、騒がしいし大変だけど……\nこのメンバーでよかった、会えてよかったって思ってるよ\n……もちろん、アンタにもだからな……！,
今ならきっと、歩き出せる気がする\nアタシは……前に進みたい,
いつまでも背を向けてちゃ、見えないことが\nあるんだよな……。アタシ、アイドルになってから\n色んなことに気付けた気がするよ,
──ん。これ、アンタに差し入れ。チョコがパウンドケーキ\n作るって言うから、それ手伝ったついでっつーか……\nや、えーと…………とにかく受け取れ！！,
失くすくらいなら、手にしなきゃいいって思ってたけど……\n大事なもの、ちゃんと守れるくらい──\nアタシが強くなればいいだけなんだよな,

#凛世↓,
いえ……わざわざ申し上げることでは……\n──桜が……咲いております……\nプロデューサーさま……,
草笛……\nお上手で……ございます……\nでは……凛世も……,
貴方さまを……お待ちして……\n額づいているのです……\n夕顔は……,
風の鈴……\n心……燃えるような音……,
鰯雲です……\nふふ……\nお腹が……鳴っております……,
十三夜の……月よ……\n叶うなら……\n叶うなら……──,十三夜的月亮啊……\n如果能实现的话……\n如果能实现的话……——
小鳥来る窓に……\n貴方さまを……お待ちしましょう……,
雪蛍……\nゆきつ……もどりつ……\n君のうえ……,
ご一緒に……参りましょう……\n木の芽風に……\n誘われるまま……,

#夏叶↓,
やるじゃない、プロデューサー\nこのままトップを目指して、駆け抜けるわよ！\nちゃんと私についてきてちょうだい！,
悪くないわ、プロデューサー\nでも……トップになるためにはまだまだよ！\n一秒だって無駄にはできないわ！,
いい感じだわ、プロデューサー\nだけど、最高のパフォーマンスのためには\n適度な休息が不可欠よ。少し休憩しましょう！,
その調子よ！　プロデューサー\n次のレッスンまでは少し時間があるみたいだし……\n一緒に走りに行きましょう！,
お疲れ様、プロデューサー\n一緒に紅茶でもどうかしら？　ニルギリ、ウバ、\nキーマン……どれもリラックス効果があるものよ！,
やったわね！　プロデューサー！\n私もアナタに負けていられないわ……\nうふふ、一緒にレベルアップしていきましょうね！,
それでこそよ！　プロデューサー\n隣で、ちゃんと見守っていてちょうだい！\n私、期待に応えるのは得意なのよ,
さすがよ、プロデューサー\n私のことはなんでもお見通しなのね\nどうして……掛けてほしい言葉がわかるのかしら……,
ありがとう、プロデューサー\nアナタがいたからここまで来れたの\n──だから、これからも……一緒よ,

#甘奈↓,
プロデューサーさん、お疲れさま！\n甘奈のアイドルとしての日々は始まったばかりだけど\nこれからもよろしくねっ！,制作人，辛苦了！\n甘奈作为偶像的日子虽然才刚开始起步\n从今以后也拜托你了！
甘奈、プリンすっごく好きなんだ～\nそれでね、この前めっちゃ美味しいの見つけたの！\n今度持ってくるから、一緒に食べよ？,甘奈，超喜欢布丁的～\n所以呢，之前发现了超美味的布丁！\n下次带过来一份，一起尝尝吧？
ねぇねぇ、次の衣装のイメージって、決まってたりする！？\nもし、まだだったら、甘奈\nちょっと使ってみたいモチーフがあるんだよね！,下个服装的概念，决定下来了吗！？\n要是还没有的话，甘奈\n有几个想要尝试的主题呢！
この前のお休み、甜花ちゃんと一緒にお菓子作ったんだよ！\n上手にできたから、持ってきちゃった\nはい！　どーぞ☆　プロデューサーさん！　えへへ,之前的休息日，和甜花一起做了点心哦！\n因为做的很不错，就带过来啦\n给！ 请☆　制作人！ 诶嘿嘿
え～！　お昼買ってくるの忘れちゃったの！？\nそれじゃ、甘奈、今日はお弁当持って来てるから\nわけてあげるっ！,诶～！　忘记买午饭了吗！？\n那，甘奈，今天带了便当过来\n分给你一点吧！
甘奈の写真、ツイスタにアップしたいんだ～\nプロデューサーさんはどれがいいと思う？\n一緒に選んでくれたら嬉しいなっ☆,甘奈的照片，想上传到推特啊～\n制作人觉得那张比较好？\n如果能一起选就太好了☆
甜花ちゃん、千雪さん、プロデューサーさん……\nみんなと一緒にいる何気ない時間が甘奈は大好き\nこれからもずーっと、大切にしていきたいな,甜花，千雪姐，制作人……\n和大家一起度过的闲暇时光，甘奈最喜欢了\n今后也要用永ー远，珍惜这段时间
甘奈、アイドルの活動ノートをつけてるんだけどね\n見返してみたら、すっごく心が温かくなって\nまた頑張らなきゃって気持ちになったんだ,
ノート、昨日でいっぱいになったんだ\nとっても幸せな一冊ができたと思う……\nありがと、プロデューサーさん！,

#甜花↓,
甜花……いっぱい、頑張った……\n今日の甜花は……おしまい……\nあとは……明日の甜花が……頑張る……,甜花……非常，努力了……\n今天的甜花……就此为止……\n剩下的……就让明天的甜花……加油吧……
もうすぐ……発売日……\n甜花の大好きな……超大作シリーズの、新作……\nだから、今日のお仕事は……いっぱい、頑張る……！,马上就是……发售日……\n甜花最喜欢的……超大作的续作……\n所以，今天的工作要……好好努力……！
諦めるの……甜花、得意で、慣れてて……楽だけど……\nでも、好きじゃないし……\n諦めたくないことも、たまに……ある、かも……,甜花……虽然很容易就放弃，也很习惯并接受了它……\n但、并不是因为喜欢才……\n偶尔……也有不愿放弃的事……
……あ……プロデューサーさん……おはよ……\n……おやすみなさい……\n……あと、５分だけ……,……啊……制作人先生……早上好……\n……晚安……\n……再睡，五分钟就好……
プリンと……チョコプリン……\nあうう、選べない……\n……プロデューサーさん……どっちかしか……だめ？,原味布丁……巧克力布丁……\n啊呜呜，好难抉择啊……\n……制作人先生……只能选一个吗？
あ、なーちゃ……あれ……？\n……に、にへへ……\nなーちゃんとプロデューサーさん……間違えちゃった……,啊，小奈……咦……？\n……诶嘿嘿……\n把小奈和制作人先生……弄混了……
……ん……んん……？\n……あ、ぷろりゅーさーさん……だあ……\n……にへへ……すう……すう……,……嗯……嗯……？\n……啊、是制作人……先生啊……\n……诶嘿嘿……呼……呼……
早寝……寝坊……二度寝……三度寝……\nあと……お昼寝……\n……にへへ、みんな……好き……,睡觉……睡懒觉……睡回笼觉……睡回笼回笼觉……\n还有……睡午觉……\n……诶嘿嘿，大家……最喜欢了……
甜花も、頑張る……！\nいっぱい頑張って、えと、まずは……え、えと、えっと……\n……頑張るの、お昼寝してから……,
甜花、失敗しちゃっても……\nプロデューサーさん、なんとかしてくれる……\nにへへ……甜花とプロデューサーさんの……連携技……！,
甜花の……プリン……\nプロデューサーさんに……\nひとくちなら、いいよ……！,

#千雪↓,
最近、自分の小さなことが気になっちゃうんです\nたとえば、前髪に変なクセがついてないかなぁとか\n……これって、アイドルになったからなんでしょうか？,最近，总是特别留意自己身上的细节\n比如说，刘海有没有变乱了什么的\n……这，是因为成为了偶像的缘故吗？
私、まだまだできないことも、わからないことも\nたくさんあって……。なので、プロデューサーさん\n見守っていてくれると、嬉しいです……！,我，还有很多很多做不到的事和不清楚的地方\n所以，制作人先生\n要是能好好地守护我的话就好了……！
甘奈ちゃんと、甜花ちゃんと……プロデューサーさんと\n私がこうしてここにいることは、運命なんだって\n思ってしまうのは……大げさでしょうか？,小甘奈和小甜花……还有制作人先生\n“我能像现在这样和你们站在这里，可能都是命运的安排吧”\n有时候我会这么想……是不是太夸张了？
プロデューサーさんとお話しすると、\n今日も頑張るぞーって気持ちになれるんです\nだから、明日も明後日も会えたらいいなぁ～、なんて……！,和制作人聊过天后，\n总会产生一种“今天也要加油哦”的感觉\n所以，要是明天和后天也能相遇就好了～，什么的……！
憂鬱だと思っていた雨の時間……最近は、雨上がりの空気を\n待つようになりました。──人は、小さなきっかけで、\nこんなにも大きく変わってしまうものなんですね,原本让人觉得很郁闷的雨……最近，却开始期待雨后的空气了。\n──人啊，仅仅因为一个很小的契机，\n却会产生这么大的变化呢
よく、思ってることが顔に出やすいって言われちゃうんです\nプロデューサーさんは、わからないですか……？　今は……\nええと、『そんなにじっと見ないでください』です～……！,我，经常被人说心里在想什么都写在脸上了\n制作人先生，能明白吗……？　现在\n那个，是“请不要那样一直盯着我看”……！
プロデューサーさん、お疲れですよね……\nもう少し休んでいても大丈夫ですよ\n私が目覚まし係になりますから。……ね？,
プロデューサーさんのこと、たくさん頼りにさせてもらって\nます。でも、それだけじゃなくて……頼ってもらえたら\n嬉しいんです。……もう、お互いに遠慮はなしですよ？,
プロデューサーさんが手をとってくださるから、\nただの、ひとりの女の子は、アイドルに──\n……ふふ、この魔法がずっと解けませんように,


#冬优子↓,
プロデューサーさん、これからもわたしと一緒に\n楽しいことを探してほしいっす！,
アイドルって楽しいっすね！\n次から次へとやりたいことが出てくるんす！\nホント、奥深いっすね！,
窓の外って色んな人が見えるから楽しいっすよね！\nプロデューサーさんも一緒にどっすか？,
楽しそうなことの基準っすか？\nそんなこと考えたこともなかったっす！\n見た瞬間にわかっちゃうっすよ！,
この前のライブ、わたしが一番練習したとこで\n盛り上がりが最高潮になったんすよ！\n狙いがしっかり当たると嬉しいっすね！,
最近はやりたいことがあっても\n無理しないようにしてるっす。ケガとかしたら\nプロデューサーさんに迷惑かけちゃうっすから,
待機時間ってじっとしてなくちゃいけないから苦手っす\nだから、もっと一緒にいてくれないっすか？\nプロデューサーさんと話してると、時間が早く経つっす！,
プロデューサーさんが楽しいと思うことってなんすか！\n趣味はあるんすか？　好きな食べ物はなんすか？\nプロデューサーさんのこと、もっと知りたいっす！,
アイドルのこと、もっともっと突き詰めたいっす！\nそれで、絶対に究極のアイドルになるっす！\nプロデューサーさん、これからもずっと支えてほしいっす！,

#朝日↓,
プロデューサーさん、いつもふゆのこと見てくれて\nありがとうございます！\n……ふふっ、これからも、よろしくお願いします♡,
ねえ、ごはん食べ行くわよ！\n前に見つけたお店の、期間限定激辛……──何、その顔\nあんたなら、変な気遣い要らないでしょ？,
ほんとにふゆが、すごいアイドルになれるのかなって……\nたまに、たまに、だけど、不安になるの\nでも、あんたはふゆをスカウトしてくれたから……信じたい,
ふゆより可愛いとか、歌が上手いとか、そんな子もいるかも\nでも……あんたはふゆのプロデューサーなんだから、\nよそ見してたら許さないんだからね！,
今まで、上手くできないことばっかで、後悔もいっぱいした\nでも、だからこそあんたに会えたんなら──\n……ま、悪くないかなって,
……あんたも、嫌な時は嫌って言いなさいよ\nなんも言わないで、愛想つかすのだけは、だめ\n……ふゆ、言われないと、きっとわかんないから,
可愛い、かっこいい、すごい、素敵\nふゆ、そう言われるのが大好き\nでも……それよりあんたの、頑張ったなって言葉が嬉しいの,
ほんとに、ふゆでいいの？\nもっといい子とか、すごい子がいても、それでも──\n──……ふゆがいいって、言ってくれるの？,
ふゆがもっともっとすごいアイドルになったら、\nプロデューサーの仕事も大変になるかもね！！\nあははっ、そうなっても、苦情は受け付けないから！,

#爱依↓,
おっ、お疲れ～、プロデューサー\nうち、こんなカンジだけど、\nまーヨロシクね～,啊，你辛苦啦～制作人\n咱虽然是这个样子，\n总之请多多关照啦～
プロデューサー、マジサンキュね！\nプロデューサーがいなきゃ、うち、\nちょー苦労してたと思う！,制作人，真的多谢啦！\n要是没有制作人，咱肯定\n有够呛的！
普通にテレビ局入れたり、雑誌に載ったりさ\nいや、マジほんとヤバいよね！\nやっぱアイドルってすっごいわ！,进出电视台，登上杂志\n哇，这真是不得了的事！\n偶像真的很厉害呢！
聞いて～！\n昨日、家族がうちの出てた番組見ててさ～\n嬉しかったんだけど、ちょー恥ずかったわ～,听我说啊～！\n昨天，家人看了咱出演的节目～\n咱很高兴，却又超羞耻的～
プロデューサーって頭良さそうだよね～\n仕事、ちょー難しそうじゃん？\nうちだったら絶対無理だもんな～！,制作人脑子肯定很好吧～\n这工作超难做好的吧？\n换成咱的话绝对做不好呢～！
プロデューサー！　今度、カラオケどう？\n友達とはよく行くんだけどさ～、\nプロデューサーとも一緒に行ってみたいんだよね～,制作人！下次要去卡拉OK吗？\n咱经常会和朋友一块去～\n但也想和制作人去一次呢～
この前友達とちょー長電話しちった～\nマジ盛り上がると止まんないんだよね～！\nプロデューサーともちょー長くなりそ～！,前几天和朋友煲了电话粥～\n聊得太起劲根本停不下来～！\n和制作人似乎也会聊很久呢～！
うちなんかがステージに立てるなんて\n人生何があるかわかんないね～！\nマジプロデューサーとの出会いに感謝ってカンジだわ～,咱这样的人都能站在舞台上\n世事真是无法预料啊～！\n还真得感谢和制作人的相遇呢～
プロデューサーと一緒だったらさ\n絶対ハンパないアイドルになれる！\nこれからもヨロシク！　プロデューサー！,和制作人一起的话\n肯定能成为超厉害的偶像！\n今后也请多多关照啦！制作人！
プロデューサーをひと言で表すと……\nあ！　『完璧超人』！\n次に書く字、これにしよーっと！,用一句话来形容制作人的话……\n啊！“完美超人”！\n下次练字就写这个吧！
このあたしも……うちの大事な一部……\nだから……必ず好きになってもらう……\nそれまであきらめないから……絶対……！,这个“我”……也是“咱”重要的一部分……\n所以……肯定会让大家喜欢上她的……\n不做到誓不罢休……绝对……！

#透↓,
え、信頼してるかって……\nプロデューサーのこと？\nうーん……,诶，信任制作人吗\n嗯……
お疲れ、いろいろ\n──え\nもっとなんかいう感じ？,辛苦了，各种意义上\n——诶\n要再多说点什么吗？
昨日お母さんがさ、\nプロデューサーによろしくって\n──あれ、昨日だっけ……忘れたけど,昨天妈妈，\n托我给制作人说句辛苦了\n──咦，是昨天吗……记不清了
なんか、いつもと違わない？\nなんか違うって──\nあ、髪切った？,总感觉，和平常有些不一样？\n哪里不一样呢──\n啊，理发了吗？
今日はさ、\nお互い頑張ったこと褒め合おうよ\n先攻、どうぞ,今天啊，\n我们互相称赞对方为之努力过的事情吧\n先手，请
プロデューサーさ\n先生もやれたんじゃない？　高校とかの\n私、プロデューサーが担任でもいいよ,制作人\n是不是担任过老师呢？ 高中的\n我，让制作人来当我的班主任也可以哟
ねぇ、夢とか見る？\n誰か……出てきたりするかな\n──私とかさ,呐，有做梦吗？\n有谁……出现在梦里吗\n──比如我
え、信頼してるかって……\nプロデューサーのこと？\n──ふふっ、どうだろ,诶，信任制作人吗\n──呵呵，谁知道呢
なんか、ありがと言うタイミングなくて\nないっていうかなんだろ……\nごめんね、今になって。ありがと,总觉得，抓不准说谢谢的时机\n或者该说是没有吗……\n抱歉啊，现在才对你说。谢谢你
ふふっ\nまだまだ長いよ\n人生,呵呵\n还长着呢\n人生
運命って、信じる？\n私は……\n私は、わかんないけど,你相信命运吗？\n我啊……\n我可不知道

#圆香↓,
用もないのに話しかけないでください\nその、にやついた顔も見たくありません\n端的に言えば、あなたの存在そのものが不快です,没什么事情就不要和我搭话\n那张令人生厌的脸我可不想看见\n直截了当地说，你的存在就很让我不爽
私の成功は、あなたの成功にも繋がるってことですか\nそう考えると何もやる気が起きませんね……\n私のことは放っておいてください,我的成功，和你的成功紧密联系在一起吗\n一想到这点就没什么动力了……\n请不要管我的事情
華やかな舞台に呼び寄せて、現実的な将来から遠ざけて……\n他人の人生にどこまで責任を持てるんですか？\n早く答えてください,
努力、根性、希望、理想……\nそれらが正しいと信じて疑わないところ、\n本当にオールドタイプですよね,努力，毅力，希望，理想……\n对这些深信不疑的这一点\n真的是个old type啊
私は私のペースで、あなたはあなたのペースで、\nお互いの領域を侵さない形でお願いします\n……あくまでもビジネスライクで,我就按照我的节奏，你就按照你的节奏，\n请不要侵犯彼此的领域\n……说到底我们只是商业合作上的关系
あなたは少し他人に肩入れしすぎなんじゃないですか\nあなたにとって私は何？\n……近づかないで,你是不是有点太偏袒别人了\n对你而言我到底是什么？\n……别过来
もう空気みたいなものです\nそばにいるのが当然だし、楽だし、落ち着くし……\n……何、その顔。あなたのことじゃないんですが……ふふっ,就像是空气一样的东西\n在身边理所当然的存在着，让我感到轻松和安心……\n……干什么啊，那副表情。又不是在说你……呵呵
そばにいてもいいとか、\n私が許可を出すわけないですよね？\nだから……あなたが勝手にそばにいるだけでしょ,能不能待在我身边，\n这种事情我怎么可能会同意啊？\n所以……都是你擅自待在我的身边的
あなたのやさしいところ、情に厚いところ、\n結構ドジだったり、ユニークだったりするところ……\nそうやって私を騙そうとするところ、全部大嫌いです,你温柔的地方，看重感情的地方，\n相当笨拙，却又很独特的地方……\n就这样把我欺骗的地方，全部都最讨厌了

#小糸↓,
ぴゃ……！？\nななななんですか……！\n何か用事ですか……！？,呀……！？\n怎怎怎怎么了吗……！\n有什么事吗……！？
ぴぇ……！？\nな、なんだ……\nプロデューサーさんですか……,呀……！？\n什，什么啊……\n是制作人先生啊……
えっと、あの……\n──え！\nこのお菓子貰っていいんですか？,呃，那个……\n──诶！\n可以收下这个点心吗？
え、えへ……\nわ、わたしにかかれば\nこのくらいよゆーですよ……！,诶，诶嘿嘿……\n交，交给我的话\n这种程度轻轻松松……！
え、えへへ……\nべ、別に喜んでないですよ\nこれが普通で当たり前ですから……！,诶，诶嘿嘿……\n并，并没有感到高兴哦\n这种程度很普通，理所当然的啦……！
ぷ、プロデューサーさんは\nわたしがいないとだめだめ\nなんですからー！,制，制作人先生\n要是我不在的话\n就变得不行了呢ー！
わ、わたしも……！\nプロデューサーさんがいないと\nだめだめかもしれないです……,我，我也……！\n要是制作人先生不在的话\n就可能变得不行了……
わ、わたし、もっと頑張ります\n頑張って……それで……\nもっといい福丸小糸になります……！,我，我，要更加努力\n努力……然后……\n变成更棒的福丸小糸……！
わ、わたし……\n頑張れるのが、嬉しいんです\nプロデューサーさんがいるから……！,

#雏菜↓,
あは～\nプロデューサー！\nお疲れさまです～♡,啊哈～\n制作人！\n辛苦了～♡
雛菜はアイドルやって～\n毎日楽しくて\nしあわせ～って感じ！,雏菜成了偶像之后～\n感觉每天都既开心\n又幸福！
ね、プロデューサー\n雛菜のいいところ\n５個言ってみて～？,呐、制作人\n雏菜的优点\n说五个试试看～？
え～～～\n今よりもっと頑張るの～？\n雛菜、頑張ってるよ～？,唉～～～\n还要比现在更加努力吗～？\n雏菜已经很努力了哦～？
ん～、雛菜\nなんか甘い物食べたい～\nプロデューサーも行こ～？,嗯～，雏菜\n想吃点甜的～\n制作人也一起去吧～？
ん～～～\nプロデューサーも\n休んだほうがいいですよ～？,嗯～～～\n制作人也\n休息一下比较好哦～？
ね、プロデューサー\n雛菜のわるいところ\n５個言ってみて～？,呐、制作人\n雏菜的缺点\n说五个试试看～？
雛菜がアイドルやって～\nプロデューサーも\n毎日楽しくてしあわせ～？,雏菜成了偶像之后～\n制作人也\n每天既开心又幸福～？
やは～♡\n雛菜、プロデューサーのこと\nすきかも～,呀哈～♡\n雏菜，可能\n喜欢制作人～
ん～、今日はマカロンの気分～～～？\nプロデューサーは～～～？,嗯～，今天就选马卡龙～～～？\n制作人呢～～～？
ね、プロデューサー\n雛菜をプロデュースできてしあわせ～？,呐，制作人\n培育雏菜，幸福吗～？

#日花↓,
……うわー\nシャツとネクタイ合ってなくないですか？\n言うだけ言っときますね,……呜哇\n你这衬衫不是和领带不搭嘛？\n别说我没提醒过你啊
昨日、お姉ちゃんが────\n────あっ、すみません\nこれ言っちゃダメなやつでした,昨天，姐姐她啊——\n——啊，抱歉\n这个不能对外人说
好きな曲、教えてくれません？\nダウンロードしとこうかなって\n──あー、プロデューサーさんに興味はないですね,你喜欢的歌曲，能和我说说吗？\n我想下来听听\n——啊，并不是对制作人感兴趣
なんか、ありがとうございますー\n──洗いますけど。お弁当箱くらいだったら\n何って……お礼ですよー！,怎么说呢，一直以来多谢了\n——可以帮你刷一下哦。如果是便当盒的话\n为什么……因为是回礼哦——！
一回、めっちゃくちゃ甘やかしてくれません？\n過保護憧れるんですよねー\n──えっ、甘えてないですよねいつも！　私！？,能不能不讲道理地惯着我一次？\n我很憧憬被人过度保护的呢～\n——诶，我可没有老是撒娇啊！？
シャンプー、何使ってます？\nなんだろう……\nなんか、かいだことある匂い,你用的，是什么洗发水？\n怎么说呢……\n总觉得，闻起来很香
贔屓目なしに、ですよ\n贔屓目なしに、私、どのくらい可愛いですかねー？\nプロデューサーさん基準でいいので！,要不带私心地回答哦\n不带私心地回答，我，到底有多可爱？\n以制作人的标准回答就好！
保護者懇談の日、お姉ちゃん忙しいんですよねー\n……来ます？　プロデューサーさん\nどうせその日って、私のレッスンついてくるだけですよねー？,家访那天，姐姐会很忙吧\n……那你要过来吗？制作人\n反正那天，也正好是我的训练日吧？
プロデューサーさんでよかったです\nあの時は……\nプロデューサーなら誰でもいいって、思ってたけど,我的制作人是你真是太好了\n虽然那时……\n我有想过，只要有人来做我的制作人，谁都可以
にちかの質問なんでもお答えライブ始めますー\n聞いていいですよ、なんでも\nプロデューサーさん限定で、答えますんで！,日花的任意问答节目开始了哦～\n请提问吧，什么问题都可以\n回答的对象，仅限制作人！
一緒に聴きましょ？　これ\nめっっちゃくちゃ、いい曲なんです\n──ひとりで聴きたくなくって……なんとなく,一起来听吧？　这首\n非常非常棒的曲子\n──总觉得……我不想一个人听

#美琴↓,
……２８３プロには\n正直、まだあまり\n馴染めていない気がするの,……说真的\n我还不怎么\n适应283事务所
…………！\nあ、ごめんね\n今、何か言ってた？,…………！\n啊，抱歉\n你刚才说了什么吗？
すごいって、褒めてくれるのは\nありがたいけど……\n当たり前のことしかしてないよ,你能这样夸奖我\n我真的很感激……\n我只是做了理所当然的事而已
『２８３プロ、シーズの\n緋田美琴』です……\nなんだか、慣れてきたかもね,“我是283事务所，SHHis的\n绯田美琴”……\n总感觉，已经习惯了
差し入れで嬉しいもの……\nなんだろう\nあまり重くないものがいいかな？,喜欢的慰问品……\n是什么呢\n不太重口的就行了吧？
今欲しいもの……\n急に言われると難しいね\n自分専用のレッスン室とか？,现在想要的东西……\n突然这么问我也答不上呢\n比如说专属练习室？
……あ、ごめんねプロデューサー\nレッスン室の鍵、\n返し忘れていたみたい,……啊，抱歉啊制作人\n我好像\n忘记把练习室的钥匙还回去了
今日食べたもの？\nええと、何食べたっけ……\nあ、まだ何も食べていないのかも,今天吃过的东西？\n我想想，是吃了什么来着……\n啊，好像还没吃呢
２８３プロって、やっぱり\n良い事務所なんだと思うの\n……少し、変わっているけどね,我觉得，283事务所\n真的很不错\n……只是，有点独特呢
あ、これ好きなやつ\nどうしてわかったの？\nすごいね,啊，这是我喜欢的\n你为什么会知道呢？\n很厉害呢
……お疲れ様\nはい、コーヒーで良かった？\n休憩、少しだけね,……你辛苦了\n要来杯咖啡吗？\n稍微，休息一会儿吧

#Fes审查员↓,
他のステージの方が楽しそうだな,其他舞台看起来更有趣啊
なんか期待外れだ…,真是令人失望…
じっとしていられないね！,这不是根本没在动吗！
もっと声出してもらわないと,声音再大些啊
新しい表現も見せて欲しいですね,想看些新的表现方式啊
センターのボーカル、良いですね,CENTER的唱功，不错嘛
動きのキレがいまいちだな,动作不够灵活啊
ガツーンとくるもの見せてよ,我想看点来劲儿的
センターのダンス、イイねぇ！,CENTER的舞步，不错嘛
笑顔が固いなぁ,笑容太僵硬了
もっと良いとこ見せて〜,想看看你更出色的表演～
センターのビジュアル、しびれる〜,CENTER的形象，真迷人啊～
いい顔してる\nドキドキするわ,表情太棒了\n看得我心砰砰直跳
歌詞が違う……\nがっかりです,歌词唱错了……\n真令人失望
空っぽですね\n何も感じません,好无聊\n一点感觉都没有
練習量を感じる\n……完璧です,能感受到练习量\n……太完美了
動きがかたい\n柔軟したの？,动作太僵硬了\n能不能柔和一点？
あ、ミスったね\nごまかせないよ,啊，失误了呢\n别想蒙混过关
ビックリだ……\nすごくウマい,太惊讶了……\n非常拿手呢
衣装が乱れてる\nしっかりなさい,衣服乱了\n给我注意点
ダメダメね……\n輝いてないわ！,完全不行呢……\n根本没在发光！
それじゃダメ\n可愛くないわ,这样是不行的\n一点也不可爱
可愛いわあ……\n虜にされちゃう,真可爱……\n要被俘虏了
もう帰ろうかな…,该回去了吧……
こんなものか…,就是这样吗……
サイコーのステージだ！,最棒的舞台！
音程が……\nダメですね,
良い顔です\n歌を楽しんでいる,
めちゃくちゃ！\nリズムが全然！,
動きがかたい\n柔軟したの？,
いいねえ\n心にくるぜ！,
それじゃダメ\n可愛くないわ,
衣装が乱れてる\nしっかりなさい,
ひゅーっ！\n衣装顔負け！,

#真乃（缺对其他人少第二轮的4个语音，三四轮的一突语音）↓,
むんっ、\n今日も頑張りましょうっ,呣嗯\n今天也加油吧
こんにちは、プロデューサーさんっ,你好，制作人
ほわぁ、\n今日はどんなことするんでしょうか？,哇啊\n今天要做什么？
何かが掴めそうな\n気がしますっ,感觉我今天能学到些什么
えっと……ダメです\nプロデューサーさん,呃……不可以\n制作人先生
プロデューサーさんて、\nそういうことする人\nだったんですか……？,制作人先生\n原来是做这种事的人啊……？
こんなの…………\n……ショックです,这种事…………\n……太伤心了
急にこんなこと……\nどうしてですか……？,突然间做这种事……\n为什么呢……？
ひゃっ！\n……うう、困ります,呀！\n……呜呜，真为难
え……？\nプロデューサーさんが\nこんなことするなんて……,哎……？\n制作人先生\n竟然做出这种事……
プロデューサーさん、\nどうしたんですか……？,制作人先生\n怎么了……？
ほわぁ、何をすれば\nいいんですか……？,呼哇，我应该做什么呢……？
……ぽかぽかお天気で\n眠くなってきました,……天气暖洋洋的\n让人想睡觉了
お疲れ様です！\nプロデューサーさんっ\n今日も頑張りますねっ,辛苦了！\n制作人先生\n今天也要加油哦
プロデューサーさん！\n最近お仕事が楽しいんですっ,制作人先生！\n最近工作起来感觉很开心呢
今日も元気です！　むんっ\nプロデューサーさんはお元気ですか？,今天也很有精神!　呣嗯\n制作人先生也有精神吗？
プロデューサーさん……？\nあ、あの……えっと,制作人先生……？\n啊，这……那个……
もう……\n恥ずかしいですよ、\nプロデューサーさん……,真是的……\n好害羞啊，\n制作人先生……
ひゃぁっ！\nく、くすぐったいです……\nプロデューサーさん,呀！\n好、好痒啊……\n制作人先生
ほわぁ……、\nマッサージですか？\n気持ちいいです……,呼哇……，\n是按摩吗？\n真舒服……
ふふっ、\nくすぐったいですよっ,呵呵，\n好痒哦
ひゃっ！？　……あっ\nプロデューサーさんでしたか\n少しびっくりしちゃいました,呀！？　……啊\n是制作人先生吗\n有点吓到我了
プロデューサーさーんっ\n私、待ってますよっ,制作人先生\n我，等着你哦
えっと、早くしないと\nレッスンの時間になっちゃいますっ,那个，不快一点的话\n就要到上课的时间了哦
今度のお休みに、一緒に\n日向ぼっこしませんか？,下次的休息，要不要\n一起去晒太阳？
マシュマロクッキーを作ったんです。プロデューサーさんも、おひとついかがですか？,我做了棉花糖曲奇\n制作人先生，要尝一个吗？
ほわっ……このプレゼントは……？　えっと、あのっ……あ、ありがとうございますっ,哇……这份礼物……？\n那个……非、非常感谢
あ、ありがとうございますっ\n……大事に、いただきますね\nプロデューサーさん……っ,非常感谢\n……我会好好品尝的\n制作人先生
ふふっ、いろんな色の七夕飾りを見ていると、なんだかウキウキしてきますっ,看到各种颜色的七夕装饰后\n总感觉很开心呢
お月さまの光はふんわりしていて、ピーちゃんの羽みたいにとっても優しいです,月亮先生的光非常柔和\n就像小P的翅膀一样
みんなで仮装ができたらって思って、ゾンビさんのメイクをお勉強していますっ,想着要和大家一起变装\n现在正在学习怎么化妆成僵尸先生
プロデューサーさん\n見守っていてくれますか？,制作人先生\n能守护着我吗？
鳩さんとのんびりお話して\n一緒にいるのは、すごく\n楽しいんです,和鸽子先生一起悠闲地聊着天\n真的是非常开心
プロデューサーさんと\n一緒ならどこまでも頑張れ\nそうです,只要和制作人在一起\n无论什么事都会努力的
す、すみません……っ\nもしかして、髪の毛くしゃくしゃでしたでしょうか……？,对、对不起……\n难道是，我的头发有点乱吗……？
今は私も……少しだけ、羽ばたけるようになったって……そう思います……\nプロデューサーさんのおかげですっ,现在的我……觉得自己稍微也能够……展翅飞翔了……多亏了制作人呢
プロデューサーさんの手、とっても\nあったかくて……撫でてもらうと眠く\nなっちゃいそうです,制作人的手，十分的温暖\n……被抚摸着的话会变得想要睡觉了
え……っ\nあ、あの……ど、どうしてこんなこと…………ひどいです……,诶……\n那、那个……为什么要做这种事……\n太过分了……
ほわっ\nぷ、プロデューサーさん……っ\nあのっ……や、やめてください,制作人先生……\n那个……请不要这样
ほわ……っ\nあ、あの……えっと……？\nえっと、なんでもないです……,啊……\n那个……这个……\n什么事都没有……
ひゃあっ──……す、すみません……くすぐったくて、大きい声が出ちゃいました……,呀──……抱歉……\n好痒啊……不小心发出了声音
プロデューサーさん\n山が見えてきましたっ\n……紅葉がとっても綺麗です,制作人先生\n能够看到山了哦\n红叶真的非常漂亮啊
次の夢も、その次の夢も\nずっとプロデューサーさんと\n一緒に叶えていきたいです……,下一个梦想，再下一个梦想\n想和制作人先生一起去实现
夢みたいなおっきなステージ\nいつか灯織ちゃんとめぐるちゃんと一緒に出れるでしょうか？,会有能和灯织和巡\n一起登上梦幻般的大舞台的一天吗？
ほわぁ……っ\nプロデューサーさんっ、命中しましたっ,啊……\n制作人先生，我命中了
どこまでも……どこまでも……\nこの『歌声』を響かせられるように──,无论在哪里……无论在哪里……\n只要这“歌声”能够响起──
ふふっ……鳩さんは、\nふわふわ～っとお日様の\nいい匂いがするんですよっ,呵呵……鸽子先生轻飘飘的\n还散发着太阳的味道
あ、あの……プロデューサーさん……公園に、のんびりしに行きませんか……？,那、那个……制作人先生……一起去公园里放松一下吗……？
勢いに乗って\n飛んでいきましょうっ\n両手の星と……最後までっ,双手的星星……\n让我们趁势飞翔到最后吧

#灯织（缺少二三四轮的全部语音）↓,
……プロデューサー、私\n成長できているんでしょうか？,……制作人，我\n有在进步吗？
これから仕事だというのに\n気が緩んでいますよ！,接下来还有工作要做\n不要松懈了哦！
プロデューサー？\nどうしました？,制作人？\n怎么了？
お疲れ様です\n今日もよろしくお願いします,辛苦了\n今天也请多多关照
プロデューサー、今日の予定はどうなっていますか？,制作人，今天的安排怎么样了？
こんにちは、プロデューサー,你好，制作人
うーん、あとちょっとで何かが掴めそうなんですが,嗯，再过不久就能学到些什么
やめてください！,请不要这样！
今のって……\nわざと、ですよね？,刚才的……\n是故意的吧？
ちょっ……\nいい加減にしてください,等等……\n适可而止吧
……何か用なんですか？,……有什么事吗？
……触らないでください,……请不要碰我
……私に触る必要性、ありますか？,……有触碰我的必要吗？
プロデューサー？\n私の話、聞いてますか？,制作人？\n你有在听我说话吗？
努力しても努力しても、\nし足りないんです,不管怎么努力\n还是远远不够
あとどのくらい頑張ったら、\n理想の自分に\nなれるんでしょうか……,还要再努力多久\n才能成为理想中的自己呢……
プロデューサー……\nあの……チョコレート……\nお口に合いませんでしたか？,制作人……\n那个……巧克力\n不合您的口味吗？
そ、そんな……悪いです！\n私からは何も……\nお渡しできていないのに,不、不行……太不好意思了\n明明我……什么都没有送给你
え？　お返し、ですか……？\n……ありがとうございます\nしっかり、味わって食べます,嗯？回礼吗……？\n……非常感谢\n我会好好地品尝的
願いごとは教えられません……！　誰かに言ったら、叶わなくなりそうなので……秘密です,不能告诉你我许的愿望……！\n被别人知道了的话，就无法实现了\n所以要保密
──プロデューサー！　その、\nお団子があるんですけど、\n一緒にお月見、しませんか？,制作人！那个……\n正好我带了团子\n一起去赏月吗？
イタズラはダメですが、代わり\nにお菓子を作りました\n──おひとつどうですか？,虽然恶作剧是不行的，但作为替代\n我做了点心\n──要来尝尝吗？
なっ……なんですか？\nゴミでも付いていましたか？,怎……怎么了？\n头发上粘了什么吗？
なっ……\nいえ、嫌なんじゃなくて……\n……恥ずかしいです,什……\n啊，并不讨厌……\n……只是有点害羞
理由があるなら伺います\n正当な理由があれば、ですが,如果有什么理由我洗耳恭听\n前提是正当的理由
えっ……と、何か嫌なことでもありました……か？　いえ、だからって許せな……ええと……,那个，遇到了什么心烦的事情了吗？\n呃！就算是这样也不……唔……
ひっ……！\nあ……いえ、その……くすぐったいので、やめてください,诶……！\n啊……那个……\n有点痒，请住手
……プロデューサーの手って、\n大きいですよね\nあ、いえ……なんでもないです,……制作人的手\n很大啊\n啊不……什么事都没有
もうちょっと……その……\n近づいて歩きませんか……？,那个……能不能……\n再靠近一点呢……？
ここまでの成果、ファンの\nみなさんに届けてきます,至今为止练习的成果\n要全都传达给粉丝们
プロデューサーの好きな歌手\n教えていただけませんか\n聴いてみたいと思いまして……,制作人喜欢的歌手\n能告诉我吗\n我想听听看
ファンのみなさん\n盛り上がってくれましたね\n次は、もっと上を目指します,粉丝们都情绪高涨了呢\n接下来，朝着更高的目标而努力
ずっとあそこにいたかったんです……その、プロデューサーが一緒だったので,
プロデューサー\n今日も１日、よろしくお願いしますね,
プロデューサー、いつもお疲れ様です,
こんにちは、プロデューサー\n最近レッスンの調子がいいみたいです,
あまり、自信がないんです……\nどう、ですか……？,并没有、什么自信…\n制作人觉得，如何……？
あの……\n恥ずかしいです……,那个……\n很害羞的……
プロデューサー……これ以上は……\nお、怒りますよ？,制作人……再继续下去的话…\n我，我要生气了哦？
……なんだか、\n緊張がとけました,
ふふ……\n結構鍛えてるんですよ、ほら,
もう……\n触らないでくださいって……,
実は今日、筋肉痛で……\n……他の子には、\n言わないでください,
今日の占いによると……\nプロデューサーの運勢は\n結構いいみたいです,
事務所、自分の家よりも\n居心地がいいんですよね,

#巡（缺少一二轮全部语音，三四轮一突语音）↓,
今日はどんなことするのか、\n楽しみだよー！,今天要做什么呢\n好期待啊！
やっほー！\nプロデューサー！,呀吼！\n制作人！
今日も頑張るぞー！,今天也要努力！
今日は何か掴めそう！,今天好像能学到些什么！
……理由を聞いてもいいかな？,……能听听你的理由吗？
今のはちょっと許せないかも……,刚才的事可能有点无法原谅……
プロデューサーって、そういう人だったっけ……？,制作人，原来这样的人吗……？
ちょっと、\nプロデューサー？\nこれはだめだよー,等一下，制作人？\n不可以这么做哦
きゃっ！\nび、びっくりしたぁー,呀！\n吓、吓了我一跳——
もう、プロデューサーたら！\nやめてって言ってるのに！,真是的，制作人！\n告诉过你住手了！
みんな今ごろ何してるかな？,大家现在在做什么呢？
アイドルのお仕事も友達の助っ人も、どっちも頑張りたいんだぁ,不管是偶像的工作还是去帮助朋友\n都想要尽我所能
みんなともっと\n仲良くなりたいなー！,想和大家成为好朋友啊！
プロデューサーと一緒なら、なんだってできちゃうよ！,只要和制作人在一起，什么都能做到！
プロデューサーお疲れ様！\n今日も頑張っていこうね！,制作人辛苦了！\n今天也加油吧！
えへへ！　プロデューサー！\n今日もやる気いっぱいだよー,嘿嘿！　制作人！\n今天也很有干劲哦
誰かに見つかっても知らないよー？,被别人发现了我可不管哦ー？
もー。ダメだって言ったでしょー、プロデューサー,真是的，不是告诉过你不行了吗、制作人
だめだめっ、くすぐったいってばぁ！,不行不行，好痒啊！
なに？　手、握ってもいいの？,什么？可以握住你的手吗？
えへへ、なにー？,诶嘿嘿，怎么了？
ふふっ、\nお返しにくすぐっちゃうよー？,呵呵\n作为回礼我也要挠你痒痒了哦ー？
ねぇねぇ！\nプロデューサーのこと、もっと教えてよ！,告诉我更多制作人的事情嘛！
……かまってほしいなー……,……好想被搭话啊……
プロデューサーと\nずっと一緒にいたいなー！,真想和制作人永远在一起啊！
ほらほら、\nプロデューサー、早く行こ！,制作人\n快点走吧！
プロデューサーが\nいてくれるから、\nどこまででも進めるよ！,因为有制作人在\n感觉什么都能做到！
応援してもらえて、\nわたしすっごく嬉しいよ！,能得到大家的支持\n我真的很开心哟！
んんっ！？\nあれっ、寝癖ついてる……！？,嗯！？\n咦，头发睡乱了……！？
撫でるの？　どうぞだよー！\nでも、髪結び直す時は、プロデューサーにやってほしいなっ！,要摸吗？请随意～\n但下次扎头发的时候，希望制作人能帮我呢！
プロデューサー\nそれはさすがに怒るよ？,制作人\n那样做真的会生气哦？
もう、わざとでしょー！\nそういうの、あんまりやると\n嫌われちゃうんだよー？,真是的、你是故意的吧！\n那种事，做太多的话\n会被讨厌的哦？
うひゃっ……！\n……もー、びっくりしたよー！,哇啊……！\n……真是的，吓我一跳！
なになにー？\nハグする？,怎么了怎么了？\n要抱一下吗？
あっつーい！\nこんな時は、冷たいものがほし\nくなっちゃうよーっ！,好——热！\n这种时候，好想要一些冷的东西啊
準備はできてるかなー？\n最後まで、フルスロットルで楽\nしもうねっ！,准备好了吗——？\n让我们尽情享受到最后一刻！
ねぇねぇ、プロデューサー！\nクイズだよっ！\n今日は何の日でしょうか！,制作人！\n来猜谜吧！\n今天是什么日子呢！
わぁ！　これ、くれるの？\nありがとうプロデューサー！\n大事に食べるねっ,哇！这个，给我的吗？\n谢谢你制作人！\n我会好好地吃掉它的
お返し目当てだったんじゃな\nいよ？　でも、ありがとう！\n今すぐ食べてもいいかなっ？,不需要回礼吗？\n但是，谢谢！\n可以现在就吃吗？
夏の大三角……\nわたしたちみたいだなーって！\nえへへ、だって星だからね！,夏季大三角……\n好像我们一样啊！\n因为，都是星星啊！
世界中どこでも、月の見える面\nは一緒なんだって！　みんな同\nじのを見てるってすごいね！,无论在世界的何处、看见的都是同一面的月亮！\n大家都在看着同一个东西好棒啊！
プロデューサー、トリックオア\nトリート！　お菓子をくれなき\nゃイタズラしちゃうよー？,制作人～，treat or trick！\n不把点心交出来\n就要恶作剧了哦——？

#恋钟（缺少p模式高好感语音）↓,
大船に乗ったつもりで\nうちにまかしとって！,就像是坐上了大船一样，\n安心的交给我吧！
おお……なるほど……！\n参考になるばい～！\nさすがプロデューサー！,哦哦…原来如此…！\n很有参考价值呢！\n不愧是制作人！
んふふ～！\nうちの髪、ふわふわで\n気持ちよかやろ～？,嗯哼哼～！\n我的头发、轻飘飘的，\n摸起来很舒服吧？
わっ\nご、ごめん～！\nぶつかった～！？,哇，\n抱、抱歉！\n不小心撞到你了吗～！？
ふえっ！？\nも～、驚かせんでよ\nプロデューサー！,呜哇！？\n真是的～、\n不要吓我嘛，制作人！
白くてやわらかかやつとか～\n茶色のサクサクのやつとか～\nん～、なんか忘れとらん～？,白色的软软的东西之类的～\n茶色的脆脆的东西什么的～\n～嗯～是不是忘记了什么呢～？
う、うちも……！\nこの間、渡せんかったけん\n交換したか……！,我、我也……！\n前一阵子、也想送这个来着\n现在要交换下吗……！
ぷ、プロデューサー……\nバレンタインにうちが言うた\nこと、覚えとる……？,制、制作人……\n情人节时和我说过的事情\n还记得吗……？
一年にいっぺんしか会えんなんて、うちならぜーったいに\n耐えられんばい……！,一年只能见一次面什么的，要是换成我的话，\n是绝对受不了的啊……！
うさぎがお月さんで\nついた餅……\nうまかやろうね～,兔子在月亮上\n做的年糕……\n一定会很好吃吧～
お菓子いっぱい作ったけん\nあのセリフ、\n何回言ってもよかよ～！,做了好多好多的点心\n那句台词、\n说几遍都没问题哦～！
プロデューサー……\nありがと～！\nうちは平気たい！,制作人……\n谢谢～！\n我没事的！
誰かと一緒にご飯食べて、\nそいで美味しかねって言って\n……そういうのって幸せやね,和谁一起吃饭、\n然后被称赞很好吃的话\n……这样真的会感到很幸福啊
んふふ～、幸せやねぇ～\nねぇ？,嗯哼哼～、真是幸福呀～\n对吧？
プロデューサー、嬉しか……？,制作人、你开心吗……？
プロデューサーが嬉しか時は、\nうちも嬉しかよ,制作人开心的时候、\n我也很开心哦
ふえ！？\nな、なんね！？,唔哎！？\n怎、怎么了！？
な、なんしよっと！？\nそういうんはよくなか！,做、做什么啊！？\n这样做可不好！
んん～！？\nなんか付いとったと？,嗯～！？\n是沾上什么东西了吗？
ここから\n世界ば見下して──,从这里\n俯瞰这个世界─
──跪かんね\n玉座の前に！,──跪下吧\n在这王座面前！
今日……こん世界は、\nうちらの名を記憶する──,今天……要让这个世界\n记住我们的名字——
鐘ば鳴ったら\n夜はいただき──！,钟声响起之时\n夜幕就将被我收下──！
お疲れ様ー\n今日も張り切っていくばい！,辛苦了——\n我今天也会全力以赴的！
今日は\nどげんレッスンすると？,今天要上什么课？
今日もうち、\nいろんなことに\n挑戦したかー！,今天我也想挑战各种事情——！
なんかが掴めそうたい！,好像能学到些什么！
……そげんのはやめんね,这种事情不要做了哦
プロデューサー……\n見損なったばい……,对制作人……\n真是看走眼了……
うちも、気にしとるけん\n触らんでよ……,我也很在意的啊，\n别再碰了啦……
プロデューサー\n言ってくれればわかるけん\nそんなに触ることなか,制作人\n说一声我就知道了\n不用碰我啊
ちょ、そんな\nベタベタせんで良かって,什，不用像这样\n缠着我也可以啊
もー、いいかげんにせんば\nいかんよ？\nプロデューサー,真是的——不适可而止不行哦？\n制作人
プロデューサー？\nてっきり居眠りかと\n思ったばい,制作人？\n还以为你睡着了
プロデューサー\nいつでも準備\nできとるけんね！,制作人\n我随时都准备好了！
うちの料理は世界一！\n寮のみんなにも評判なんよ！,我做的菜世界第一好吃！\n宿舍里的大家也很喜欢哟！

#三峰（缺少p模式高好感语音）↓,
お、プロデューサーだ\n三峰は今日も元気に\n頑張りますよー,哦，制作人\n三峰今天也会打起精神来\n努力工作的
さってとー？\n三峰のPはどんなお仕事を\n魅せてくれるのかなー？,接下来？\n三峰的P会带来怎样的工作呢——？
三峰、新発見の予感……！,三峰，新发现的预感……！
出るとこ出る？　謝っとく？\n好きなほうでいいよ？,是三峰去投诉你？还是你道歉？\n随你喜欢哦？
や、さすがにないわー……,哇，真没想到……
……それで？\nほんの出来心で、とか\n言っちゃう感じです？,……然后呢？\n“只是一时冲动”\n你要这么解释吗？
ちょっとプロデューサー……\n女の子に気安く触るのは\nどうかと思う……,等等，制作人……\n随随便便碰女孩子\n不太好哦……
理想と現実の区別は\nきちんとつけといたほうが\nいいと思うよ？,理想和现实的区别\n好好地分清楚\n会比较好哦？
うひゃ！？　タンマタンマ！\nお触りは禁止でしょ！\n常識的に考えて！,呜呀！？　停！\n触摸是禁止的！\n用常识思考一下啊！
どしたのプロデューサー\nぼーっとしちゃって,怎么了，制作人\n在那里发呆
プロデューサー？\n無視はよくないと思いまーす,制作人？\n无视别人是不好的哦
うーん……今日はやること\nないのかねぇ……,嗯……今天要做的事\n没有吗……
ねぇＰたーん、三倍返しの\n法則って知ってる？　三峰、\nまだゼロなんだけどな～,P炭，\n你知道三倍返还的法则吗?\n三峰到现在还一个都没有哦～
三峰ももらっていいの？\nやったラッキー♪\nさすがＰたん、マメだよねぇ,三峰真的可以收下吗？\n太好了，Lucky♪\n不愧是P炭，真是细心啊
こんなちゃんとしたもの\nくれなくてもよかったのに\n……嬉しい。ありがとう,明明不用给这么好的东西也可以的……\n好开心。谢谢
織姫も彦星もさぁ、サボるならもっと上手くやらなきゃだったよねぇ,织女和牛郎啊，要想在一起的话就要做得更好才行啊
一緒にお月見と洒落込みませ\nんかー？　今ならつまめる\nものもつけちゃうよー,一起赏月和奢侈一下怎么样？\n现在的话也要带上可以捏起来的东西哦
お菓子補充しとかなくて大丈\n夫？　あちこちから狙われる\nんだから、気を付けなよ～,不补充点心也没关系吗？\n　现在这里那里都盯上你了，\n要小心了哦～
それよりプロデューサー\n聞いて聞いて！,比起那个啊制作人\n听我说听我说哦！
プロデューサーは心配性だなぁ\n三峰なら平気だって,制作人真是爱操心啊\n三峰的话没关系的
プロデューサーは、アイドルを\nやる気にさせる天才かもね,制作人，\n是能让偶像干劲十足的天才也说不定呢
やめて！\n……──て、あ、ごめん……\nあはは、慣れてなくてさ……,不要！\n……──那个，啊，抱歉……\n啊哈哈，还不能习惯呢……
……まったく～\n三峰は猫とかじゃ\nないんですけどねー？,……真是的～\n三峰可不是小猫之类的哦？
……ねぇ、なんのつもり？,……喂、你想干什么？
やっぱりプロデューサーも\n気になる？\n…………大きさ……,果然制作人也很在意吗？\n…………这里的大小……
えっ、何どうしたの、怖い！\n急に触らないでよプロデューサー！,咦，怎么了，吓我一跳！\n不要突然碰三峰啊，制作人！
どうしたのー？\nスキンシップのつもりー？\nんー？,怎么了？\n难道是想和三峰身体接触吗？\n嗯？
当たり前だけど、なんでもホイホイ\n写真撮ってるわけじゃないからね？,理所当然的事，\n三峰可不是什么随便的照片都拍的哦？
──ありゃ、気付かれちゃった\nお仕事中のＰたんの写真、\nゲット～って思ったのにな,──啊呀，被发现了吗\n工作中的P炭的照片、GET～\n本来是这么想的啊
──……ね、すごく綺麗\nここにプロデューサーと来られたこと……すごく嬉しいよ,──……看呀，好美啊\n能和制作人一起到这里来……真的非常开心哦
さぁて、Ｐたんはいつまで\nおふざけってことで\n流せるのかな～？,那么，P炭到底想要把这个玩笑\n开到什么时候呢～？
あーのーさぁ。ちょっとは意識\nしてもらえないと、三峰も立つ\n瀬がないんですけどー？,我——说——啊。\n如果不稍微注意一下的话，\n三峰就没有立足之地了哦？
三峰にとっては空も通り道ってね！\nさて、派手に始めましょうか！,对于三峰来说天空也是一条道路哦！\n那么，华丽地开始吧！
飛べない、なんて言わせないよ\n三峰のためなら、不可能ぐらい\n可能にしてくれなくちゃ！,无法飞翔，之类的话不会让你说出口的哦\n为了三峰的话，\n不可能也要让它成为可能！
──聴け\n私たちはここにいる,──请听吧\n我们就在这里
この先は三峰たちの時間だよ\n──振り落とされない覚悟はできてる？,接下来可是属于我们的时间了哟\n──做好了不要被甩出去的觉悟了吗？
三峰のハートを温めてくれちゃ\nう優しい人は誰？　\n……ほら、教えてよ,能将三峰的心变得温暖的温柔之人是谁？\n……来，告诉三峰吧
実はアイドルというのはドッ\nキリでした！　とか言うなら\n今のうちだけど……平気？,“其实发掘你当偶像是骗人的”\n要这么说的话就趁现在哦\n……没关系吗？
やっぱアイドルって楽しいよ\n憧れてるだけじゃなくて\nよかった,果然做偶像很开心啊\n不只是去憧憬真是太好了
なんと、今日の三峰は\n燃えております！\n張り切って行っちゃうよー！,
おっけおっけ、三峰に任せて\n大船に乗ったつもりで\nいてくださいよ,
やだなぁ、Pたんったらー\nこんなの三峰しか\n許してくれませんよー？,P炭这可不行啊~\n除了三峰我之外的人\n可不會原谅你的哦—？
ひゃ！？　ちょっ、なに！？\nなんでそんなとこ触るのっ\nビックリするじゃん！,呀！？等下，什么！？\n为什么要摸那种地方啊，\n吓到我了啊！
あーあー、こんなことして\nいいのかなー？\n三峰知らないぞ～？,啊—啊—\n做这种事情真的好吗，\n三峰不太清楚呢~？
もー、プロデューサーってば\nそんなに三峰が気になるの？\n物好きだなぁ,
ふっふっふー\nプロデューサーがその気なら\n三峰にも考えがあるからね！,
アイドルだもん、そうそう\n安売りはしませんよー？\n……プロデューサー以外には,
もし拗ねちゃってるなら\n構ってもいいなーと思う\n三峰なのであった,
あんまり気を抜いてると\n悪戯しちゃうかもよ？\n……ど？　ビックリした？,
プロデューサーも、きっと\nお疲れなんだよね……\n…………いつもありがと,

#雾子（缺少一轮1突语音，四轮全部语音，p模式高好感语音）↓,
連れていって……\n空の奥まで……二万マイル……──,带上我一起……\n前往天空的……\n两万英里的深处……────
放物線と……約束したの……\nいつか逆さになって\n空にさわろうって……,我和抛物线……约好了……\n总有一天要将世界反转\n去触摸天空……
鉄よ……歌いなさい……\nあなたの小鳥のかわりに……,铁笼啊……歌唱吧……\n代替被你所囚禁的鸟儿……
ご注意……ください……\nわたしは……サーカスの獣……──,请……注意……\n我是……马戏团的野兽……──
スウィングしなきゃ……\n意味が……ないから……──,必须要摆动……\n即使……没有任何意义……
帰りましょう……\nお日さまと……一緒に……,回去吧……\n和太阳先生……一起……
白いとこ……踏みながら……\n帰りましょう……,踩着……斑马线……\n回去吧……
聞こえますか……\nプロデューサーさん……,听得到吗……\n制作人先生……
お上がりなさい……\n特別な……ピザトースト……,欢迎品尝……\n特制的……披萨土司……
ツナ缶さんと……コーンさんと……コンビーフさんと……輪になって……,和金枪鱼罐头先生……玉米先生……咸牛肉先生……围成一圈……
……ふふ、包帯、\nいつもより\n上手く巻けたかも……♪,呵呵，绷带\n比平时\n缠得更好……♪
行ってきます、\nプロデューサーさん！,我出发了\n制作人先生！
まき……まき……♪\n……ふふ,卷啊……卷啊……♪\n……呵呵
す、すみません……\n──怒られたんじゃ……\nないですか……？,对、对不起……\n没有……\n生气吧……？
あの……\nふふ……嬉しいです……,那个……\n呵呵……好开心……
わ……\nびっくりしました……！,哇……\n吓到我了……！
わたしも……\n聴かせてください……\nどきん……どきん……,也请……\n让我听一下……\n扑通……扑通……
ご、ごめんなさい……！\n時間でしたか……？,对、对不起……！\n到时间了吗……？
ふふ……\n手……あったかいです……,呵呵……\n手……好温暖
トン……トン……\n前に……前に……\nこのまま……一歩ずつ……♪,咚……咚……\n向前……向前……\n就这样……一步一步地……♪
気にしないでください……アーモンドさんたちと……お友達に……なってもらえればって……,请不要在意……\n要是能和杏仁先生们……成为朋友……就好了……
プロデューサーさん……！　ふふ……それじゃ……アーモンドチョコ……どうぞ……,制作人先生……！呵呵……\n那……杏仁巧克力……请收下……
わ……ありがとうございます……ふふ……きっと……とっても……優しいお菓子……,哇……非常感谢……\n呵呵……一定……\n是很温柔的点心……
お昼のあいだも……\n光ってるんです……\nお星さまたち……,白天的时候……\n也在发着光呢……\n星星先生们……
ウサギさんカニさん……\nおばあさんライオンさん……\n月のみなさんこんばんは,兔子先生、螃蟹先生……\n老奶奶、狮子座先生……\n月亮上的大家、晚上好
ミイラ男さんと吸血鬼さんど\nっちが強いって聞かれて……\nふふ……喧嘩はダメです……,木乃伊先生和吸血鬼先生谁更强\n我被这样问了呢……\n呵呵……打架是不可以的……
お花に……水をあげないと……,不给花……浇水的话……
ご、ご気分は……どうでしょう……？,感、感觉怎么样……？
ケ……ケガをしてるわけでは……\nないんです……,并……并没有受伤……
何かが……生まれそうなんです……！,感觉……能学到些什么……！
わ、わわ……！,哇、哇哇……！
ど、どうされましたか……,怎、怎么了……
こ、これは……\n何かの……罰……なんでしょうか……,这，这是……\n某种……惩罚……吗……
あっ……\nほ、包帯……ほどけてましたか？,啊……\n绷、绷带……松了吗？
な、何か……\nご用でしょうか……？,有……\n有什么事吗……？
ふぁっ……！\n……お、脅かさないでください……,呼啊……！\n……请，请不要吓我……
プ、プロデューサーさん\nわたしは……ここにいます……,制，制作人先生\n我……在这里……
す……すみません……\nどうされてるか不安になって……,对……对不起……\n不知道自己要做什么很不安……
……ちょっと……包帯を直してきますね,……我去……把绷带重新绑好

#摩美美（缺少二三轮1突语音，四轮全部）↓,
今日は忙しいんですー\nもう帰っていいですかぁ？,今天好忙\n我可以回去了吗？
次はぁ、ちょっとだけ本気だしちゃいますねー,下一次，得稍微认真点了呢
プロデューサー\n私のことをやる気に\nしてくださぁい,制作人——\n请让我充满干劲吧
私、何でもフツーにできるんでー\nサボってもいいですかぁ？,我，什么都能很普通的做到——\n偷懒也可以吗？
気分を害しましたぁ,毁了我的心情啊
最っ低ですねー,真是差劲啊——
幻滅ですー\n変態さんだったんですねー,幻灭了——\n原来是变态先生啊——
何するんですかぁ\nやめてほしいんですケドー,你在做什么\n希望你能住手——
女の子にー軽々しく触っちゃ\nダメだと思いまーす,轻易地碰女孩子——\n我觉得是不行的哦——
触らないでくださいー\n私、もう来ませんよー？,请不要碰我——\n不然我就不再来了哦——？
今のうちに次にするイタズラ\n考えておきますねー,趁现在考虑一下\n下一个恶作剧吧——
ふわぁ……\nやることないと、眠いですねー,呼哇……\n没事做的话，好困啊——
私が急に事務所に\nこなくなったらぁ\nどうしますー？,要是我突然不再来事务所了\n你会怎么办呢——？
事務所にくるの\n嫌いじゃないですよー,来事务所\n并不讨厌哦——
おはよーございまぁす\n……挨拶くらい、\n私もしますよー,早上好\n……打招呼之类的\n我还是会做的——
今日の私、\n珍しくやる気があるかも\nしれませんよー？,今天的我\n说不定意外的充满动力哦——？
んー、何かが掴めそうな予感がするかもー,嗯——，有种能掌握什么的预感——
きゃっ──\n……今の声は聞かなかった\nことに、してくださいー,呀——\n……刚才的声音\n请当作，没听到——
イタズラの仕返しですかぁ\nまったく、プロデューサーは\n悪い大人ですねー,这是恶作剧的报复吗\n真是的，制作人真是个坏大人啊——
ここで悲鳴を上げたらぁ\nどうなりますかねー\n……ふふー,要是我在这里发出悲鸣的话\n会怎么样呢——\n……哼哼——
まみみに触ったってことはぁ\n仕返ししてもイイって事ですよねー,摸了摩美美就代表\n就算回击也没关系吧——
私の服が気になるんですかぁ？\nプロデューサーも、着てみますー？,很在意我的衣服吗？\n制作人也试着穿上看看——？
他の女の子にはぁ\n気軽に触っちゃダメですよー,如果是其他女孩子\n可不会让你随意的碰哦——
仕事ばっかりしてないでー\nプロデューサーも一緒に\nサボっちゃいませんかぁ,不要一直工作啊——\n制作人也一起\n偷会儿懒怎么样？
どうしたんですかぁ\nイタズラでもされましたー？\nふふー、私じゃないですよー,怎么了？\n被人恶作剧了——？\n哼哼——，不是我干的哦——
プロデューサー\n私が特別にー\n料理作ってあげましょうかぁ,制作人——\n要我特别地——\n给你做饭吗
あ、プロデューサー\nじゃないですかぁ\nどーしたんですかぁ？,啊，这不是制作人吗——\n怎么了吗？
ふわぁ～\nおはよーございまぁす\nまだ眠いですよー,呼啊～\n早上好——\n还是很困呢——
私、悪い子ですからぁ、\nイタズラは好きですよー,因为我是个坏孩子\n所以很喜欢恶作剧哟——
勝手に触らないでくださいー\nいきなりなんですかぁ,别擅自碰我——\n突然之间做什么啊
……もしかしてー\nプロデューサーも頭撫でて欲しいんですかぁ？　ふふー,……难不成——\n制作人也想摸摸头吗？　哼哼——
…………\n……不愉快なんですケド,…………\n……真让人不爽
最低な変態さんにはぁ、仕返しが必要ですよねー\nふふー遠慮せずにいきますよー,对付恶劣的变态先生，有回击的必要呢——\n哼哼——我就不客气了哟——
……何するんですかぁ\nプロデューサーのせいで服が汚れたかもしれませんー,……你在做什么\n都怪制作人，衣服有可能变脏了——
……ふふー……プロデューサー\nイタズラにはイタズラで返しますねー,……哼哼——……制作人——\n对付恶作剧就要用恶作剧来反击呢——
私、なんだか甘い物が食べた\nい気分ですー。……忘れてる\nなら別にいいですケドー……,我，不知怎么忽然有点想吃甜食呢——\n……忘了的话倒也没什么——……
急になんですかぁ？\n……でも、ふふー\nお菓子ゲットー,突然间怎么了？\n……但是，哼哼——\n得到点心了——
──え\n……ぁ、……そ、そーいうん\nじゃなかったんですケド……,——诶\n……呃，……倒也不用\n做到这种地步……
短冊に書くのって、どんな願いごとでもいいんですかぁ？\nふふー、何から書こうかなぁ,什么愿望都可以往短册上写吗？\n哼哼——要写什么好呢
ずっと黙ってたんですケドー\n私、満月の夜になると……\n…………嘘ですよー,虽然一直没有告诉你\n我，一旦到了月圆之夜就会……\n…………骗你的啦——
今すぐストロベリーサンデーが食べたいですー。用意できないならイタズラしまぁす,我现在想立刻吃到草莓圣代\n不能准备的话就要恶作剧了
遅かったですねー\n待ちくたびれちゃいましたぁ,好慢啊——\n我都等累了
ふふー\nタバスコ入りカレードリアの\n味はどうでしたぁ？,哼哼——\n加了塔巴斯科辣椒酱的咖喱焗饭\n的味道如何？
退屈な運命なんて興味ない\n……言ってる意味、\nわかりますよねー？,我对无聊的命运什么的不感兴趣\n……这么说的目的，\n你明白的吧——？
孤独を吹き飛ばす炎──\n聴こえますか？,将孤独吹散的火焰——\n听得到吗？
びっくりしましたかぁ？\nふふー……今、びっくり\nしてましたよねー？,吓了一跳吗？\n哼哼——……现在，是不是非常吃惊呢——？
私たちが旅に出る理由……\nそれを知る旅の始まりですー,我们为什么要旅行……\n为了知晓这个问题的答案我们踏上了旅途——
今日もまぁ、\nほどほどにやってきまぁす,今天也，\n适可而止地工作吧
アンティーカの物語を\n見せてあげましょうかねー,就让你见识下\nL'Antica的故事吧——

#咲耶（缺少二轮全部，三轮1突）↓,
今日も頑張っていこう、プロデューサー,今天也加油吧，制作人
今日は何をするんだい？\nレッスン、お仕事……なんでも言ってくれ,今天打算做什么？\n课程，工作……随便你怎么说
プロデューサー、調子はどうだい？,制作人，最近怎么样？
あと少しで、何か掴めそうな気がするんだけれどね,我觉得再过一会儿就能掌握到什么了
そういうのはちょっと……\nどうかと思うのだけどね,这种事有点……\n我觉得不太好
……これがアナタの仕事なのかい？,……这就是你的工作吗？
正直に言って、ショックだよ,说实话，我很震惊
おっと……\n何をしてるのかな？,哎呀……你在做什么？
アナタとはいえ、許さないよ？,即使是你，也不能原谅哦？
そんなことをして\n私をどうしたいのかな？,做这种事\n你想把我怎么样？
ぼんやりしてどうしたんだい？,在那里发呆，怎么了吗？
ふぅ、さてどうしたものかな？,哼嗯，接下来该怎么办呢？
みんなが喜ぶ私になるには\nどうしたらいいんだろう,为了能让大家开心\n我该怎么办呢
さぁ、今日もはりきって\nファンのみんなの期待に応えるとしようか,那么，今天也鼓足干劲\n回应粉丝们的期待吧
今日も調子はよさそうだね\nフフ、私も絶好調だよ,今天的状态也不错呢\n呵呵，我可是状态绝佳
アイドルの世界は眩しいね……,偶像的世界好耀眼啊……
な、なんだか恥ずかしいな,怎，怎么觉得好难为情啊
うーん……反応に困るなぁ,唔……不知道改做出什么反应啊
そんなに気になるかい？\nけれど、ほどほどにね,那么在意吗？\n但是，要适可而止
フフ、ダメだよ\nくすぐったいじゃないか,呼呼，不行啊\n好痒啊
おっと……プロデューサーか\nどうしたのかな？,哇哦……制作人\n怎么了吗？
フフ、私からアナタに触れても、文句は言わせないよ？,呼呼，如果我碰你，你不会有意见吧？
フフ、構われたくて黙ってるのかい？\n可愛いところがあるんだね,呼呼，想被搭讪而故意保持沉默吗？\n你还是有可爱的地方啊
今度私と一緒に遠出してみないかい？,下次和我一起去远行怎么样？
今私がこんなに楽しいのは\nアナタのおかげかもしれないね,现在的我能这么开心\n也许都是你的功劳
…………\n何かを言うのは良くないね\nアナタに会えただけで十分さ,……\n不说点什么不太好呢\n能和你相遇就足够了
ありがとう\nアナタはとても義理堅いね\n私も、次は応えなくては,十分感谢\n你这个人很讲情义啊\n下次，该我回礼了
──……っと……\nあ、えっと……ありがとう\nこれは……嬉しい、ものだね,——……这……\n啊，那个……十分感谢\n这真是……很让人，开心的礼物啊
短冊に何と書いたんだい？\nいや……もし私に叶えられるものならいいな、と思ってね,在短册上写了什么？\n嗯……要是我的愿望能够实现就好了，我这么想的
月を見ると、なんだか\n胸がざわめくような……\n……クス、なんてね,看到月亮后，不知为何\n心中躁动不安……\n……呵呵，骗你的
言われる側も楽しそうだね\nアナタがどんな悪戯をするのか\n……フフ、興味があるよ,作为被恶作剧的一方也很有意思啊\n你会做出什么样的恶作剧呢\n……呵呵，好感兴趣啊
やあ、私に何か用かな？,呀，找我有什么事吗？
これからも頼りに\nさせてもらうよ,今后也让我\n多多依赖你吧
私をプロデュースするのは、\n楽しいかい？,培育我，\n开心吗？
っと……\n……いや、頭に触れられるのは\nあまり慣れてなくてね,怎……\n……不是，不太习惯让别人碰我的头呢
……他の子たちにも、\nこんなことをしては\nいないだろうね？,……你没有对其他人\n做这种事吧？
……体に触れる前には、\n一言言って欲しいかな\n女性に対するマナーだよ,……身体接触之前\n希望能先说一下\n这是对女性基本的礼仪哟
眩しい日差し、足をくすぐる波\nそこに集う人たちの笑顔……\n本当に、海は素晴らしいね,刺眼的阳光，打在双脚上的波浪\n聚集在那里的人们的笑容……\n果然，大海真是太棒了
次は、プライベートで行きたいな\nもちろん、アナタも一緒にね,下次，想私下里去一趟啊\n当然，是和你一起
この場所に孤独はないよ\n私たちが歌い続ける限りね,只要我们的歌声还在继续\n在这里便永远也不会觉得孤单
歯車は噛み合い、絡み合い、\n──そうして『永遠』になるんだよ,齿轮互相咬合，互相缠绕，\n……然后成为了“永恒”
あの頃と変わったものがあって\nきっと、変わらないものもある\n花火の輝きが変わらないように,虽然和那时相比有改变的地方\n但一定，也有无法改变的东西\n就像那未曾改变的烟花的光辉一样
──私たちの世界へようこそ\n歓迎するよ、お客人,——欢迎来到我们的世界\n热烈欢迎你们的到来，各位客人
今回は、いつもと少し趣向を変えて\n──褒めてほしい、なんてワガママは\n聞いてもらえるだろうか……？,这次的话，我改主意了\n我想被制作人先生表扬\n这么任性的要求，你可以满足我吗…？
私は小さな子どもでは\nないのだけれど……\n……いや……悪くはないよ,我又不是小孩子啊\n不过这样感觉……\n还不赖……
全く……\n私だけにしてくれないかな、\nこういうことは,真是的……\n这种事情\n不可以对我以外的人做哦
──……フフ。おいで？,呵呵。过来吧？
スタイルには気を\n遣ってるつもりだよ\nアナタから見て、どうだろうか,最近我也开始关注\n装扮风格之类的东西\n你觉得，这样好看吗？
受けたご恩はきっちり覚えておりますよ？　だからこそ、立派になった姿を見せてるわけですから──なんてね！,一路上所受到的恩惠你仍铭刻于心吗？正因如此，我等才能以如此华丽的姿态降临于现世————说笑的啦！



#果穗↓,
今日は学校でたっくさんクッ\nキーを配りました！\nお返しの日！　です！,今天学校发了好多曲奇！\n因为是回礼的日子！ 没错！
お菓子！　美味しそうです！\nえっ食べてもいいんですか？\nえへへ、いただきまーす！,点心！ 看起来好好吃的样子！\n我真的可以吃吗？\n哎嘿嘿，我开动了！
バレンタインのお返し……！\nスッゴくスッゴくうれしいで\nす！　開けていいですか！？,情人节的回礼……！\n我真的真的好开心啊！\n可以打开吗？
星がたっくさん集まると、おっきな川に変身します……！\nとーっても不思議ですっ！,许多星星聚集在一起之后，就会变成一条好大的河流……！\n真是不可思议啊！
ウサちゃんが、まんまるお月さ\nまでお餅つきをしてるそうです\n……！　見てみたいです！,听说小兔子正在圆圆的月亮上做年糕……！\n我真想看看啊！
いろんな人に、おかしをたっく\nさんもらいました！　プロデュ\nーサーさんにおすそわけです！,从各种各样的人那里得到了好多的点心！\n这份是给制作人的！
こんにちはーっ！,你好！
ヒーローみたいに\nなれるように、\n頑張りますっ！,我会为了变得像英雄那样\n而努力的！
ヒーローだって\n特訓して\n強くなっていくんです！,就算是英雄也要通过特训\n才能变得更强大！
……？\nプロデューサーさん、\nどうして頭をなでるんですか？,……?\n制作人，\n为什么要摸我的头呢？
えへへっ\nそのままなでてくださいっ,哎嘿嘿! \n就像那样摸我的头吧
わっ！　ぶつかっちゃいました……\nごめんなさい……！,哇啊！　不小心撞到你了……\n对不起……！
心臓の音は、なんだか安心しますっ！\nプロデューサーさんの心臓にも……\nタッチですっ！,听到心脏的声音，总觉得很安心！\n制作人的心脏也让我来……\n摸一下吧！
わっ……！？\nえっと、何かご用ですかっ？,哇啊……！？\n那个，有什么事吗？
わぁっ！\nくすぐりあいっこですね！\n負けませんっ！,哇哈哈！\n是挠痒痒比赛啊！\n我是不会输的！
キラキラのシャボン玉……\nプロデューサーさんとだと、いつもよりキラキラして見えます,闪闪发光的肥皂泡……\n和制作人在一起，看起来比平时更加闪闪发光了
アーマードタイプは、装甲を強化することで攻撃力もアップしてるんです！,装甲形态，因为强化了装甲的缘故所以攻击力也提高了!
リコーダーはジャスティスレッドの武器、ジャスティーンファイアソードです！,竖笛是正义红的武器，正义火焰剑！
波の音……\n耳をすますと聞こえてきます,海浪的声音……\n竖起耳朵的话就能听见
目が合ったら──\nえへへっ、かくごしてくださいっ,如果视线对上了——\n哎嘿嘿，就请做好觉悟吧
紅蓮の英雄団長、小宮果穂！\n流星マメ丸号は、スッゴく速くて……とにかくスゴいんです！,红莲的英雄团长，小宫果穗！\n流星豆丸号啊，速度非常的快……总之很厉害的!
あたしたちが揃えば無敵です！\n一番スゴいアイドルを目指して……レッツゴー！　です！,我们在一起的话就是无敌的!\n以成为最厉害的偶像为目标……let's go！　是的！
放課後には、楽しいがいっぱいいっぱい、いーっぱいあります！,放课后啊，充满了非常非常，非——常多的快乐！
今日のレッスンは\nなんですか？,今天的课程\n是什么呀？
ヒーローのお仕事なら\nあたしに任せてくださいっ！,如果是英雄的工作的话\n就交给我吧！
今日も元気いっぱい\n頑張りますっ！,今天也元气满满地\n加油吧！
今日はなんだかいいことが\n思いつきそうです！,今天总感觉\n会有好事发生呢！
あの……\nプロデューサーさん\nどうしましたか……？,那个……\n制作人先生\n怎么了……？
あっ、ごめんなさい\nぶつかっちゃいましたか？,啊，对不起\n我撞到你了吗？
ふえっ……？\nあっもしかしてマメ丸の毛が\nついてましたか？,诶诶……？\n难道是豆丸的毛\n粘上了吗？
わっ！\nすみません\nぶつかっちゃいましたね,哇！\n不好意思\n不小心撞上了吗
わわっ！\n……びっくりしたぁ,哇！\n……吓了我一跳
ヒーローになるための特訓、\nちゃんと身についてますか？,为了成为英雄的特训，\n我有好好地掌握了吗？
プロデューサーさん\nどうかしましたか？,制作人先生\n出什么事了吗？
うーん\n何をすれば\n良いんでしょう…？,嗯～\n该做什么好呢……？
しゅつどうよーせーがあるまで、司令部で待機ですね！,直到收到出击信号为止，在司令部待机！
どんな厳しい特訓が来ても\n耐え抜いてみせますっ！,
えへへっ！\n早くお仕事に行きましょう\nプロデューサーさん！,
今日のあたしは\n必殺技だって\n出せちゃいます！,
あたしの心臓の音\n聞こえますか？\nなんか、ドキドキしてます,
胸のトレードマークは\nヒーローの証！　です！,
頭もなでてください\nプロデューサーさんっ！,
えへへっ！\nプロデューサーさん\nくすぐったいです！,
プロデューサーさんの手って\n大きいですね！,
くすぐりあいなら\n負けませんよっ,
これが時間のかつようじゅつなんですね！,
えいっ！　やあっ！\nあ、変身シーンの練習中です\n一緒にやりましょう！,
気合十分です！\nプロデューサーさん\n次は何をすれば良いですか？,

#智代子↓,
もちろん、ホワイトデーも\nチョコ装備です！　お返し、\n配らなきゃですからね！,当然的，白色情人节我也装备上了巧克力！\n回礼，必须得准备好才行呢！
そんな、恐縮すぎます……！\n先月何もできなかったの、一\n生の不覚なんですから……！,这种事、真是太不好意思了……！\n上个月什么都没能做到，\n是我一生的失误……！
わぁっ……！　頂いちゃって\nいいんですか……！？　えへ\nへ、ありがとうございます！,哇啊……！　\n我真的可以收下这个吗……！？　\n哎嘿嘿、谢谢！
給食で、七夕ゼリーって出ませんでしたか？　星型の果物とかが入ってるやつです！,供餐中，没有出现七夕果冻吗？里面放进了星型的水果之类的！
積まれたお団子って、こう、\nなんていうか……！　ロマン\nがあると思いませんか……！,堆积起来的团子、嗯、\n怎么说呢……！　\n你不觉得这很浪漫吗……！
イタズラはしないので\nお菓子割増しでどうでしょう\nプロデューサーさん！,因为不做恶作剧的原因\n所以多加些点心怎么样？\n制作人！
はむっ……うん\nチョコ、甘くておいしいです！,啊呜……嗯\n巧克力、甜甜的好好吃！
最近見つけた\nとってもおいしいチョコの\n食べ方なんですけど……,最近我发现了\n非常好吃的\n巧克力吃法……
あっ、プロデューサーさん、\nお帰りなさい！,啊、制作人、\n欢迎回来！
肘置きにちょうどいい高さだなって……思ってませんか……？,刚好和手肘一样高啊……没这么想吗……？
わぁっ、どうしました！？\n何か褒めてもらえるようなことしましたっけ……！？,哇，怎么了！？\n我做了什么可以得到表扬的事吗……！？
ご、ごめんなさいっ、\nやめてくださいっ……！\n……すみません……,对、对不起、\n请不要这样做……！\n……抱歉……
！？\nび、びっくりしました……！\n……ダメですよ、こういうの,！？\n吓、吓我一跳……！\n……不行的哦、做这种事
ひゃあっ！？　……も、もう！\nプロデューサーさん……！\nからかうのはやめてください！,呜啊！？……真，真是的！\n制作人……！\n不要捉弄我啊！
っ、ふふーん、来ると思ってたん\nです！　だから耐えました！　\nお返しいきますよ、覚悟～っ,啊、哼哼～我就知道你会这么做！所以忍住了！\n我会原样奉还的，做好觉悟吧～
プロデューサーさんはどのお菓子にしますか？\nいっぱいありますよ！,制作人想要哪个点心呢？\n这里有很多哦！
割と、髪下ろすと印象変わるねって言われるんですが……\nどうでしょうか？　えへへ……,有人说，头发一放下来，给人的印象就变了……\n怎么样呢？诶嘿嘿……
まだまだ私と、夏しましょう！\nチョコが溶けちゃうくらい\n盛り上がって～～！,继续和我一起，享受夏天吧！\n要像让巧克力融化那样\n让这里沸腾起来～～！
次に撃たれたい人は挙手！\nチョコアイドルが\n狙いにいっちゃいまーす！,下一个想被击中的人请举手！\n巧克力偶像\n瞄准准备！
お待たせしました！\nあなたのチョコアイドル、\nここに爆誕ですよ！,让你久等了！\n你的巧克力偶像\n在这里诞生了哦！
私のチョコはいつだってとって\nおきです！　よろしくお味見い\nかがでしょうか！,我的巧克力无论什么时候\n总是特别准备着的！\n请多尝一下吧！
チョコレート番長、園田智代子\nナメてかかっちゃダメですよ？\n今日の私はビターですから,巧克力番长，园田智代子\n小看我的话可是不行的哦？\n因为今天的我可是黑巧克力模式哟～
一応聞いとこうか\n降参する気とかって、ある？,姑且先问一下\n你有投降的打算吗？
『両手に花』ならぬ、\n『両手にチョコ』です！\n……えへ、誤魔化せませんかね,不是“双手捧花”，\n而是“双手捧巧克力”！\n……诶嘿，不能蒙混过关吗
次のリクエストがあったらぜひ\n聞かせてください！　チョコア\nイドルは進化するんです！,如果有新的机会\n请一定要告诉我！　因为巧克力偶像\n是会进化的哟！
プロデューサーさんの優しさが\n手にもほっぺにも\nあったかいです……！,制作人的温柔\n让我的手和脸颊\n都暖暖的……！
お借りした手袋は、私が責任を\n持って、洗ってお返しいたしま\nすので……！,借给我的手套、我会负起责任\n拿回去洗干净之后\n还给你的……！
よろしくお願いしますね、\nプロデューサーさん！,
レッスンでもお仕事でも\n一生懸命頑張ります！,
チョコに絡めた何かが\nできるといいなー……！,
今日は何かがありそうな予感……！,
……やっていいことと\n悪いことってあるんですよ,……可以做的事情，\n和不可以的做的事情是有区别的哦
ひゃっ……！？\nや、やめてくださいっ……！,呀……！不，不要这样……！
えっ……,诶……
プロデューサーさんっ\nこういうのはよくないです！,
私で遊ばないでください！\n怒りますよ！,
一応アイドルですし、私困っちゃいます……,
プロデュ―サーさん、\nどうかしました？,
このままじっとしてても\nいいんでしょうか……？,
プロデュ―サーさ～ん、\n聞こえてますか～？,
今日は何をするんでしょう？\nチョコ関連？\nそれとも別のことだったり？,
プロデューサーさん、\nあなたのチョコアイドルは\n今日も元気いっぱいですよ！,
お疲れ様です！\nチョコっと休憩しませんか？\n……チョコだけにっ,
今日は何かがありそうな予感……！,
チョコっとでもダメですっ\n……恥ずかしいですもん,就算是我也不行…\n很害羞的嘛
……や、やっぱり、\nプロデューサーさんも\n気になるんですか……？,…果，果然，\n制作人也很感兴趣吗…？
えっと、えっと……！\nこっ、こういう時の反応って\n何が正解なんですか……！？,那个、那个……！\n这种时候，该做出什么反应才对呢……！？
もう、プロデューサーさん？\nそこにお菓子は隠して\nないですよ？,
待って待って！\n私くすぐり弱いんですー！\nふふっ、ダメですってばぁ,
も、もしかして\n太っちゃいました……！？\nやわらかすぎですかね……？,
プロデューサーさん、\n疲れた時には甘いものが\nいいんですよ！,
今度、お菓子作ってこようと\n思ってるんです！\n食べてくださいねっ,
プロデューサーさんが\n構ってくれるまで待ってます\n……なんちゃって！,



#凛世（缺少一三轮一突语音）↓,
プロデューサーさまに……\n見ていただける……\nそれだけで……,能被制作人阁下……\n所注视着……\n就已经……
凛世も……\n勉強中の身でございます……,凛世还……\n需要多多学习……
貴方さまのため、\n邁進して、\n参ります,为了您\n凛世会\n不断努力
いえ……\n熱は……ございません……,不\n并不是……发烧了……
ふふ……はい……,哼哼……嗯……
あの……\n足元に……\nお気をつけくださいませ……,那个……\n请注意一下……\n周围……
はい……\n凛世の……心は……\nここに……,嗯……\n凛世的……心……\n就在这……
あ……\nはい……参りましょう……,啊……\n嗯……准备上吧……
その……優しいお手に……\n励まされて……参りました……,在那双……温柔的手……\n的鼓励之下……凛世才能来到这儿……
幾百の……朱をくぐって……\n貴方さまのもとに……,数百的……红枫中穿过……\n才到您身边……
きみは恋……\nわれは秋嵐……,汝于恋……\n吾于秋岚
五色の革命……\nいざ……仕ります……,五色的革命……\n现在……时机已到……
お下がりください……\n五色の嵐が……通ります……,请退下……\n五色的风暴……就要通过了……
あの時……下駄の鼻緒が……\n切れていなければ──,如果那时……木履的绳子……\n没有断开的话──
群青き導火線、杜野凛世……\nふふ……\n発火まで……ゼロ秒です……,群青导火线、杜野凛世……\n哼哼……\n距离点火……还有零秒……
あの時……貴方さまが……\n貴方さまでなければ──,那时候……\n如果您……\n不是您的话──
我は……\n自由のための……導火線なり……！,我愿成为……\n引导自由的……\n导火线……！
貴方さまが……笑い……\n心臓が鳴る……,只要您……露出笑容\n内心便开始动鸣……
78回転の……\n永遠の……時間……,78转的……\n永远的……时光……
トリガーを引けば……\n夏が……参ります……,扣下扳机……\n夏天……降临了……
発令……\n放課後楽園注意報……,注意……\n放课后乐园警报
ばかな……\n凛世……,凛世……\n真傻……
蝶よ……花々に飽いたら……\n凛世に……とまれ……,蝴蝶啊……如果你在花丛中玩够了\n还请停在……凛世身边……
あれは……\n何色だったでしょう……,那是……\n什么颜色来着……
チェック……ワン……ツー\n感度……良好……,测试……one……two\n灵敏度……正常……
プロデューサーさま、その……ゆく雲の『白き』……──よき日でございます……,制作人阁下，看那……\n行云的“白”……\n——此乃吉兆……
ふふ……凛世も……持って参りました……感謝の日だと……聞いておりますゆえ……,哼哼……\n凛世也……为您带了……\n因为听说是……表达感谢的日子……
プロデューサーさま……ほら、鶯が──想う相手と……呼び交わすのでしょう……ふふ……,制作人阁下……你看\n黄莺——想与心仪的对象……\n相互呼唤吧……呵呵……
金銀砂子……\n再び……まみえることを……\n祝福する光……,金砂银粉……\n能再次……相逢之时……\n祝福之光……
月は……くまなきをのみ──\n今宵くらいは見たいのです\nくまなき心を……,月光……洒满了大地——\n而今晚想要一看的是\n阁下的真心……
お菓子を……出せ……\nいたずらするぞ……\n──ほんとでございます……,把点心……交出来……\n不然就要恶作剧了……\n是认真的……
貴方さまと、ご一緒ならば、\nどのような課題も、こなしてみせます……,只要能，和你在一起\n无论是什么难题，凛世都会克服的……
本日も、お顔を見ることができ……\n凛世は、幸せでございます,今天也，能见到您……\n凛世，真是幸福
お疲れさまでございます……\nプロデューサーさま？　少し後ろ髪が……乱れております,辛苦您了……\n制作人阁下？　后面的头发……有些乱了
何かが、掴めそうな……気がいたします,感觉，好像能……掌握些什么
凛世の、心の音が……\n聞こえてしまいそうで、ございます……,就好像，能听到……\n凛世的心声一样
漫画の中では……このようなことは記述がなく……,漫画里……没有记述这种事……
凛世の、心は……決まっております,凛世，早已……下定决心
なぜか、気持ちが……\n落ち着くようで、ございます,不知为何……\n心情似乎很平静
ふふ……\nプロデューサーさまの手……\nあたたかい……,哼哼……\n制作人阁下的手……\n很温暖……
プロデューサーさま……どうかなさいましたか……？\n 凛世は、ずっとお傍におります……,制作人阁下……有什么事吗……？\n凛世，会一直陪着您的……
ふふ……\n本日は、お傍で……見ていてくださるのですか……？,哼哼……\n您今天，会在身旁……看着凛世吗……？
凛世は、プロデューサーさまのお帰りを、\n心待ちにしております……,凛世，盼望着\n制作人阁下的归来……
プロデューサーさま……\nプロデューサーさま……,制作人阁下……\n制作人阁下……
プロデューサーさま、\n凛世を、お導きください……,制作人阁下\n请指引，凛世吧……
本日は、何を、いたしましょう……,今天，该做些，什么好呢……
プロデューサーさま……\n本日も、お傍で、勉強いたします……,制作人阁下……\n凛世，今天也会，在您的身旁学习……
いくら、貴方さまでも……\nそれは、なりません……\nご自制なさってください,即使，是阁下……\n那也是，不可以的……\n请您自制
……凛世は、悲しいです……,……凛世，好伤心……
……そのようなことをなさる、御方だったのですか？,……阁下您原来是，会做出这种事的人吗？
プロデューサーさま\n少し、困ります……,制作人阁下\n凛世，有点为难……
プロデューサーさま\n驚きますゆえ……\nどうか、ご容赦を……,制作人阁下\n因为太过震惊……\n还请原谅……
プロデューサーさま……\n身体ではなく、手を……温めていただけますか,制作人阁下……\n如果不是身体……而是温暖我的双手就好了
プロデューサーさま……\nどちらに、いらっしゃいますか……,制作人阁下……\n您究竟，在哪里啊……
凛世は、プロデューサーさまを、\nお待ちしております……,制作人阁下\n凛世会，一直等着您……
プロデューサーさま……\nお疲れで、いらっしゃいますか……,制作人阁下……\n请问您，是累了吗……


#夏叶,
ねえ、プロデューサーには\n私の感謝の気持ち、\n届かなかったのかしら……？,难道，我对制作人的感谢之情，\n是没能传达到吗……？
あら、これって……！\nありがとう、頂くわ。お返し\n期待していてちょうだい！,哎呀，这个是……！ \n谢谢，我收下了。 \n请好好期待着回礼吧！
うふふ、うれしいわ\nお返しがあるってことは、\n気持ちが伝わったのよね？,呵呵，我很开心啊\n收到回礼这件事，\n是因为心意已经传到到了吧？
短冊には『トップアイドル』\nもちろん、そう書いたわ！\n……アナタもそうでしょう？,在短笺写上了“顶尖的偶像”\n我当然会这么写了！\n……你也是这么想的吧？
月々に月見る月は\n多けれど──……\n一番綺麗な月、早く見たいわ,虽然每个月都可以看到很多的月亮——……\n但是最美丽的月亮，还是想快点看到啊
ねえ見てプロデューサー！\n仮装したカトレアの写真よ！\nどう？　可愛いでしょう？,看呀，制作人！\n卡特莱雅变装之后的照片哟！\n怎么样？很可爱吧？
いい？\n目指すならトップだけよ！,你明白的吧？\n如果定下目标的话那只有第一名哟！
おはよう、プロデューサー,早上好，制作人
……プロデューサー？\nどうしたの、ボーっとして,……制作人？\n怎么了呢，发着呆的样子
やめてちょうだい\n髪が乱れるわ,请不要这样做\n头发会被弄乱的
…………\nアナタ、自分が何をしたか\nわかっているの？,…………\n你知道你自己在做什么吗？
ちょっと！\n何のつもりかしら\n信じられないわ,等一下！\n你到底要干什么？\n真不敢相信啊
うふふっ\nもう、仕方がないわね,唔呵呵\n真是拿你没办法啊
ちゃんと謝るなら\n許してあげなくもないわ,如果你能好好道歉的话\n我也不是不能原谅你啦
もっともっと\n鍛えていかないとね！,还得更加好好锻炼一下才行呢！
白鳥！？　可愛い！　可愛いわ！　ねぇこれ使いましょうよ、プロデューサー……！,天鹅！？可爱！好可爱啊！就用这个吧，制作人……！
こういうポーズの時こそ\n体幹と腹筋が役立つのよ！\nベストショットまでキープ……,这种姿势正是\n四肢和腹部的肌肉能派上用场的时候！\n直到拍出最好的照片为止都要坚持住……
雨上がりの虹が見たいの\n一緒に来てくれる？,想看到雨后初晴的彩虹\n要一起来吗？
いつもそばで支えてくれる\nそんなことは知っているけれど\n──これからも……お願いね？,总是在我身边支持着我\n虽然这样的事我一直都知道\n——从今以后也……请多关照哦？
豪勇の特攻隊長、有栖川夏葉！\nさあ……道をあけなさい！\nテッペン、取らせてもらうわよ,豪勇的特攻队长，有栖川夏叶！\n快点……把路让开！ \n顶点，就让我取走了哟
あら、そもそも理由なんて\n必要かしら？\n戦って、勝ちたいことに,啊呀，说到底真的需要什么理由吗?\n战斗，只是为了胜利罢了
に、似合ってるならいいのよ…！\nアナタの期待に応えてみせるわ\nプロデューサー！,如，如果适合的话就好了…！\n我会回应你的期待的\n制作人！
プロデューサー！\nいつからそこに……！,制作人！\n从什么时候开始在那里的……！
今日のお仕事は何かしら,今天的工作是什么？
今日も鍛錬あるのみよ\nさあ、レッスンしましょう！,今天也只有训练哟\n来，来上课吧！
やる気はいつも充分よ！\n今日も頑張るわ！,干劲一直都是十足的哟！\n今天也努力吧！
今日は何か掴めそうな気がするわ……,今天感觉好像能掌握些什么……
信じられないわ……,真不敢相信……
……失望したわね,……真是失望啊
……何を考えているのか、説明してもらえる？,……你是怎么想的，能解释一下吗？
ちょっと！　何するのよ！,喂!　 你在干什么！
……アナタ、どういうつもり？,……你，这是什么意思？
こういうことはやめて頂戴,这种事情请别再做了
いつでも動けるように\nウォーミングアップをしておかなきゃいけないわね,为了随时都能行动\n必须要进行热身呢
もっともっと努力しないと\nトップアイドルにはなれないわ！,不更加更加努力的话\n可是成不了顶尖偶像的！
トレーニングはいつでも、どんなところでもできるのよ！,训练无论在何时，何处都能进行的哦！
アナタと一緒なら\nどんなお仕事も完璧にこなせる気がするわ！,只要是和你一起的话\n感觉不管是什么工作都能完美的完成!
プロデューサー、今日もレッスンに付き合ってくれるわよね？,制作人，今天也会陪我一起上课的吧？
お疲れ様、プロデューサー\n今日も頑張っていくわよ！,辛苦了，制作人\n今天也加把劲工作吧！
きゃっ！\nもう……\nなんてことするのよ……,呀！\n真是的……\n你干什么呀……
……ちょ、ちょっと！\nやめなさいったら！,……等，等等！\n不要这样!
……は、恥ずかしいから、やめて頂戴っ,……很，很害羞的，请住手
うふふっ、ちょっと！\nくすぐったいわ！,呵呵，等等！\n好痒啊……
あら、プロデューサー\nどうしたの？,哎呀，制作人\n怎么了？
どう？　鍛えてるのがよくわかるでしょう？,怎么样？　能一下就感觉出我有在锻炼吧？
ほら、早くしなさい！\nプロデューサーがいてくれなきゃ、始まらないじゃない,嘿，快一点！\n要是制作人不在的话，不就没法开始了吗
何よ、ボーっとして\n一緒にレッスンに行くわよ？,怎么了，发着呆\n要一起去上课了哟？
……プロデューサーには、感謝してるのよ？,……对于制作人，我一直都心怀感激哟？

#树里↓,
……やっぱ、あれじゃあ\nバレンタイン用には\nカウントされなかったか……,……果然那个\n没有被算作情人节礼物啊……
え！？　あ……アタシ、何か\nしたっけ……──あ、いや\nなんでもねーよ……さんきゅ,哎！？　我……我有做过什么吗……\n──啊，不，没什么……谢啦
──あ、アタシにか！！？\n……なら、もっとちゃんとし\nたの渡しときゃよかった……,──给、给我的吗！！？\n……早知道，\n就准备正经一点的东西了……
ふ～んふ～ふ～……\nうわっ！　プロデューサー\nいたのかよ……！,哼～哼～哼～……\n呜哇！　制作人\n你在啊……！
月見って具体的に\n何すればいいのか\nよくわかんねーよな……,赏月\n具体来说是要做什么呢\n不是很懂啊……
チョコと果穂に、お菓子用意\nしとけって言われてさ……\nん、アンタにも……やるよ,被智代子和果穗叮嘱了要准备\n好糖果……\n嗯，也会给你的一份的……
……なんだよ\n人の顔をじろじろ\n見やがって……,……干嘛啊\n直勾勾地盯着我的脸看……
アンタの言葉聞いてると、\nなんつーか自信がつくよ,听了你的话，\n总感觉变得自信起来了
アタシはこれからもっと\n頑張ってく。アンタは\nしっかりサポートしてくれよ！,我接下来会更加努力的\n你可要好好地支援我哦！
は、はあ！？ \n急に何してんだよ！,哈、哈啊！？\n你突然做什么啊！
ん……\nまあ、別に\n嫌では無いけど,嗯……\n嘛，\n虽然不讨厌啦
おい！\nふざけんのも\nいい加減にしろよ！,喂！\n开玩笑也要有个限度！
ったく\n次は無いからな！,真是的\n没有下次了哦！
アンタ……\n何がしたいんだよ……,你到底想干什么……
ふっ、あはは\nやめろってば！\nくすぐったいだろ！,呼，哈哈哈\n快住手！\n好痒啊！
クリスマスに浮かれて、風邪引\nいたりすんなよ！　体調管理も\n仕事のうちなんだからな……！,圣诞节可不要欢闹过头，染上感冒了哦！\n身体管理也是工作的一环啦……！
アンタには、ちゃんと元気で\nいてもらわねーと、\nアタシが困るから……,如果你不能打起精神的话，\n我可是会很困扰的……
なんでもいいけど\n今日もよろしく,随便怎么样都好\n今天也请多多关照
それで、\n今日は何をすればいいんだよ,所以，\n今天要干什么比较好啊
やることがあるなら\n早く言えよな,要是有事情要做的话\n早点说啊
今日はなんか掴めそうな気がすんだよな……,总感觉今天好像能学到什么啊……
おいっ、ふざけんな！\n何考えてんだアンタは！,喂，别开玩笑了！\n你在想什么啊！
わっ、ちょっ、おいっ！\nどこ触ってんだよっ！,啊，等，喂！\n你在摸哪里啊！
サイテ－な野郎だな！\n次やったら\nマジで許さね－ぞ！,真是个最差劲的混蛋啊！\n下次再敢的话\n绝对饶不了你！
ちょっ、いきなりなんだよ！,等，突然之间干什么啊！
わっ！\nテメ－気安く触んな！,啊！你小子不要随便碰我！
……おい、怒るぞ？,……喂，会生气的哦？
しっかりしろよ\nなにボ－っとしてんだ？,振作一点啊\n在那里发什么呆？
なんだ？\nバスケの試合、\nテレビでやってんのか……,什么嘛？\n电视上，\n有在播篮球比赛啊……
ふわぁ……\nなんか眠くなってきた……,呼哇……\n有点困了啊……

#甘奈（缺少三四轮1突语音）↓,
やっほー\n今日もよろしくね☆\nプロデューサーさん！,yahoo——\n今天也请多关照☆\n制作人！
今日はレッスン？\nそれともお仕事かな？,今天是要上课吗？\n还是说有工作？
今日の調子もまーまーってところかな\n頑張っていこうね,今天的状态也还不错\n继续努力吧
今日はなんか\n成長できる気がするんだー☆,感觉今天\n自己会有所成长呢──☆
まさか、甜花ちゃんにも\nおんなじことしてないよね……？,该不会，对甜花\n也做了这种事吧……？
プロデューサーさん……\nこういうことするんだ……,制作人……\n原来会做这种事啊……
やっていいこととダメなことがあると思うな,有些事可以做有些事不可以做哦
甜花ちゃん？\nあ、プロデューサーさんか,甜花？\n啊，原来是制作人啊
プロデューサーさん？\n何かあったのかな？,制作人？\n发生了什么事吗？
急に触られたら驚いちゃうから\n声かけてほしいなっ,突然被碰的话会吓一跳的\n希望能事先说一声呢
お、このファッション雑誌いい感じかも！\n後で読ませてもらうね,哦，这个时尚杂志看起来不错！\n一会儿再读吧
まだ少し時間あるから、ネイルしてるね～,还剩下一点时间，修一下指甲哦～
甜花ちゃんどうしてるかな～\nプロデューサーさん知ってる？,甜花，现在在做什么呢～\n制作人知道吗？
あっ！\nプロデューサーさん！\nねぇねぇ、今日の甘奈どう？,啊！\n制作人！\n今天的甘奈感觉如何？
えへへ、準備ならいつでもオッケーだよ☆\n何でも来いってカンジかなっ,诶嘿嘿，无论何时都做好准备了哦☆\n就像“放马过来吧”这种感觉吧
甘奈、絶好調ー！\nこれもプロデューサーさんのおかげかな,甘奈，绝佳状态——！\n这大概也是多亏了制作人吧
めっ！　こーゆーこと\n甜花ちゃんにはしたらダメだからね！,这种事\n绝对不能对甜花做啊!
プロデューサーさん\n甘奈、こういうことは……あんまり……,制作人\n甘奈，对这种事……不是很……
もう、ほどほどにしないとダメだぞっ！,真是的，不适可而止不行哦！
甘奈にはいいけど、甜花ちゃんはビックリしちゃうから\n気を付けてあげてね～,甘奈倒是没有关系，不过甜花会吓一大跳的\n要小心点哦～
プロデューサーさん！　何々どうしたの～？\n甘奈、気になっちゃうよ～,制作人！　怎么了～？\n甘奈，好在意哦～
気楽に声かけてくれていいよ\nプロデューサーさんと甘奈の仲だもん☆,打招呼轻松一点也没关系哦\n制作人和甘奈是好朋友嘛☆
プロデューサーさん！　甘奈、いい服見つけたんだ！\n今度見てほしいな！,制作人！　甘奈，发现了一件特别棒的衣服！\n下次一起看看吧！
えへへ、今日のネイル、イイ感じじゃない？\nねえねえ、どうかな？,诶嘿嘿，今天的指甲，不觉得很不错吗？\n你觉得呢？
最近ね、甜花ちゃん楽しそうなんだよ！,最近呢，甜花好像很开心的样子哦！
プロデューサーさん！\nなーんか、忘れちゃってたり\nしないかな～、なんて,制作人！\n是不是忘记了什么事情～之类的
えーっ！　もらっていいの？\n今度、ぜーったい\nお礼するからね☆,诶——！　真的可以收下吗？\n下次、一～定会好好回礼的☆
素敵なお返し、ありがと！\nえへへ、もったいなくて\n食べられないかも☆,真棒的回礼，谢谢你\n诶嘿嘿，吃掉的话\n就太浪费了呢☆
甜花ちゃんと一年に一回しか会えないなんて甘奈は絶対に無理！　織姫と彦星は強いなぁ……,和甜花一年只能见一次面什么的\n甘奈绝对不行！\n牛郎和织女真厉害啊……
プロデューサーさん、見て見てっ！　お供え物のお団子、ウサギさんの形にしてみたよ☆,制作人，快看快看！\n我试着做了兔子形状的贡品团子哦☆
ハロウィンって、普段できない格好できるから楽しいよねっ☆　どんなのにしよっかな〜,万圣节\n能穿上平时不会穿的衣服真开心啊☆\n该怎么办呢～
ね、プロデューサーさん\n甘奈、どうかな？,制作人\n甘奈，怎么样？
甜花ちゃんのこと考えてたんだ\n今頃何してるかな～って\n気になっちゃって,一直在思考甜花的事情\n现在在做什么呢～\n在意的不得了
プロデューサーさん、\n甘奈のこと、\nちゃんと見ててよね！,制作人\n要好好看着甘奈啊！
えっ！　もしかして\n髪ハネちゃってる！？,欸！莫非是头发散了！？
えへへっ……\nプロデューサーさんの手\nあったかくて……安心……,诶嘿嘿……\n制作人的手\n很温暖……让人感到安心……
えっと……\nやめて……くれる……？,那个……\n能……住手吗……？
……ごめん\nプロデューサーさんでも\nこれは……ダメ……,……抱歉\n就算是制作人\n也不……可以……
ひゃっ！\nちょっと～、しわになるから\nやめてくれる～？,欸！\n等等，会起褶的\n能不要这样吗～？
えへへっ、ざーんねん☆　\n気づいてるから\n驚かないもーん！,诶嘿嘿，可惜☆\n早就注意到了\n所以不会被吓到！
う～ん……こんなカンジかなぁ\nあ～！　でもそろそろ出ないと\n待たせちゃうよ～！,嗯……是这种感觉吗\n啊～！再不出门的话\n就让别人久等了～！
みんなで咲かせたステージ\nすっごく素敵だったね☆,大家一起绽放的舞台\n真是超～级棒啊☆
忘れ物は……ないよね！\nショッピングに集中したいから\n心配事はなくさないと……,
これからも、もっともっと\n素敵なステージを咲かせて\nいきたいな……,
プロデューサーさん\nあのクラゲ、他のよりなんか\nふわふわしてるよ～☆,制作人\n看，那个水母\n比其他的都轻飘飘的～☆
イルカは外せないし……\nクリオネも見たいよね☆\n時間足りるかなぁ……,海豚绝对不能错过……\n也想看看裸海蝶啊☆\n时间还充足吗……
えへへ、美味しそうだね☆\n早く事務所に戻って\n一緒に食べたいなっ！,诶嘿嘿，看起来很美味啊☆\n快点回到事务所\n一起享用吧！
雲間から差し込む光……\nめっちゃ綺麗だったね……,从云的缝隙之间透出来的光……\n真是太美了……
みんなのハートも……\nあたたかに……,大家的心……\n也温暖起来
甘奈と一緒に空中散歩！\n背中を押してくれたら\nもーっと高く飛べちゃう☆,和甘奈一起空中散步！\n从后背推的话\n还能飞的更高哦☆
甘奈の未来\nプロデューサーさんとなら\nきっと素敵になるよね,甘奈的未来\n如果有制作人在的话\n一定会变得很棒
目を閉じたら……\n甘～い夢、見られるかな？,闭上双眼的话……\n会有一个甜～美的梦吗？

#甜花（缺少p模式高好感语音）↓,
甜花……頑張りましゅ！,甜花……会努力的！
にへへ……\nバニラも……チョコも……\n美味しい……,诶嘿嘿……\n香草……巧克力……\n都很好吃……
なーちゃんは……\nいつも優しくて、元気で……\n甜花、大好き……,小奈……\n总是那么温柔，那么有活力\n甜花，最喜欢了……
あ、プロデューサーさん……\n今日は……何をするの……？,啊，制作人先生……\n今天……要做什么……？
あうぅ……\n事務所に来るの、疲れちゃった……,啊呜……\n来事务所，好累啊……
甜花……今日は……\nどうすればいい……？,甜花……今天……\n该怎么办……？
甜花……新しいことが、できそう……,甜花……好像能做到什么新的事情……
あう……それは……\nや、やだ……,啊呜……那里……\n不、不要……
え……？\nええ……？？,哎……？\n哎……？？？
そこは……\nプロデューサーさんでも、\nダメ……,那里……\n即使是制作人\n也不行……
これ……\nお仕事、なの……？,这个……\n也是工作吗……？
甜花……それ、こ、困る……,甜花……那个，很、很困扰……
プ、プロデューサーさん……\nどう、したの……？,制、制作人先生……\n怎、怎么了……？
あ、あれ……プロデューサーさん……いるの……？,啊，咦……制作人……在吗……？
今日は……お休みかな……？,今天……休息吗……？
甜花……ひとりだと……\n何もできない……,甜花……一个人的话……\n什么也做不到……
アイドル……楽しいから……\nなんでも、できるよ……,做偶像……很开心……\n所以不管什么，都能做到……
今日の甜花……\nやる気、いっぱい……！,今天的甜花……\n干劲，十足……！
にへへ……甜花……お仕事も、レッスンも頑張るね……,诶嘿嘿……甜花……工作和，训练都要加油……
え、えっと……\nプロデューサーさん……\n甜花に……触りたいの……？,那、那个……\n制作人先生……\n想碰……甜花吗……？
あう……なーちゃんも、そんなとこ……触らないよ……,啊呜……就连小奈，也不会碰……那种地方的……
え、えっと…………\nプロデューサーさん……楽しいの……？,那、那个……\n制作人先生……开心吗……？
にへへ……\nく、くすぐったい……,诶嘿嘿……\n好、好痒……
こ、こういうの……なーちゃん以外だと……\nき、緊張する……,这、这种事……除了小奈以外……\n好、好紧张……
えへへ……マッサージ……？\nき、気持ちいいかも……,诶嘿嘿……按摩吗……？\n可，可能会很舒服……
プロデューサーさん……甜花は、ここにいるよ……,制作人先生……甜花，就在这里哟……
えっと……待ってるあいだ、ダンスの勉強……\nしようかな……,那个……等待的期间，要不要……\n练习跳舞呢
お仕事まで……\nネット……見てようかな……,工作开始前……\n先……上会儿网吧……
ぷ、プロデューサーさん……\n今日は……えと、その……\n……なんでもない、です……,制、制作人……\n今天……是，那个……\n……没，没什么……
これ、もらっていいの……？\nにへへ、ありがと……\nでも、なんでだっけ……？,这个，真的可以收下吗……？\n诶嘿嘿，谢谢……\n但是，为了什么来着……？
甜花の、へたっぴだった……\nでも、もらっていいの……？\nなら……一緒に食べたい、な,甜花的，做的一团糟……\n但是，真的可以收下吗……？\n那么……一起吃吧，可以吗
お願いごと、何にしよ……\n……あ、そうだ……お仕事の日、起きれますように……！,愿望，许什么好呢……\n……啊，对了……工作的日子，希望能起得了床……！
お月様、見たい……けど、眠い……そうだ、今からお昼寝してれば……眠く、ならない……！,好想看，月亮啊……但是，好困……对了，如果现在开始就午睡的话……晚上，就不会困了……！
い、いたずらしちゃうぞ～！\n……え？　えと……いたずらって……何するんだろ……？,要、要恶作剧了哦～！\n……哎？　那个……恶作剧……到底要做什么来着……？
あ、プロデューサーさん……,啊，制作人……
ん、んんー……\n寝癖……あった……？,唔、嗯嗯……\n头发……睡乱了吗……？
にへへ……\n甜花、頑張った……\nだから……もっと……,诶嘿嘿……\n甜花，努力了……\n所以……再来……
……や……\nやめて、くださいぃ……！,……请……\n请不要，这样做……！
これ……\nなーちゃん、言ってた……\n変なこと……？,这个……\n就是小奈说过的……\n奇怪的事……？
プロデューサーさん……？\n服、変だった……？,制作人……？\n衣服，很奇怪吗……？
今日の甜花は、完璧……！\n髪、跳ねてないし……\n服も、裏表逆じゃない……！,今日的甜花，很完美……！\n头发，没有乱……\n衣服也，没有搞错正反……！
たーまやー……\n……たまやさんって、何屋さんなんだろ……,玉——屋——……\n……玉屋是，什么店来着……
……やっほー……,……呀嚯——……
プロデューサーさんの、おかげで……\n甜花も、咲けたんだ……,多亏了制作人……\n甜花也，绽放了呢……
これからも、甜花と、なーちゃんと、千雪さんで……満開の、アルストロメリア……！,甜花，小奈和千雪从今以后也要一起，……满开的，ALSTROEMERIA……！
…………………………\n…………～～ぷはぁっ！,…………………………\n…………～～噗哈！
お花の、妖精さん……\nお花畑で……お昼寝中……,花之妖精……\n正在在花田之中……午睡……
きらきら～……\nきらきらきら～……,

#千雪↓,
プロデューサーさん\n……ふふ、とっても眠そう,制作人先生\n……呼呼，看着非常困的样子
プロデューサーさん……\nもう、また裾がほつれちゃってますよ？,制作人先生……\n真是的，衣领又开线了哦？
プロデューサーさん\n今日も応援してくださいね！,制作人先生\n今天也请为我加油哦！
もう……！　今回だけは、内緒にしてあげます,真是的……！只有这次，我会保密的
こらこら、だめですよ\n……だーめ！,哎呀哎呀，不行哟\n……不行！
こ〜ら、他の子にしちゃだめですよ？,哎呀，不能对别的孩子这么做哦？
ふふ、くすぐったいです～\nめっ、ですよ？,呵呵，好痒～
もう、いたずらするのはどの子ですか,真是的，是哪个淘气的孩子呀
ふふ、プロデューサーさんは\n甘えん坊さんなんですか？,呵呵，制作人先生\n是个爱撒娇的孩子吗？
プロデューサーさん\nお茶にしませんか〜？,制作人先生\n要喝杯茶吗～？
プロデューサーさ〜ん……\nもう……からかわないでください〜,制作人先生……\n真是的……请不要捉弄我～
プロデューサーさん\nふふ、だーれだ？,制作人先生\n呵呵，猜猜我是谁？
ふふ、今日もレッスンがんばります♪,呵呵，今天也会努力上课的♪
おはようございます\n……え？　つ、疲れてなんてないですよ〜,早上好\n……诶？　我一点都不累哟～
プロデューサーさん、何か繕い物はないですか？,制作人先生，有什么要补的吗？
今なら、何かが掴めそうな……,现在的话，应该能掌握点什么……
プ、プロデューサーさん？　どうされたんですか？,制，制作人先生？　你怎么了？
や、やめないと怒っちゃいますよ？,不，不住手的话会生气的哦？
プロデューサーさんは\nそんな人じゃない……ですよね……？,制作人先生\n不是那种人……对吧……？
……プロデューサーさん、\n女の子に急に触っちゃ、だめなんですよ？,……制作人先生\n不能突然碰女孩子哦？
きゃっ！\nび……びっくりしました,呀！\n……吓了我一跳
こ～ら、プロデューサーさん\nそういうのはダメです,哎呀，制作人先生\n这样是不行的
プロデューサーさ〜ん……\nあれ……？,制作人先生……\n咦……？
プロデューサーさん\n小物を買うときは、連れていってくださいね？,制作人先生\n买小饰品的时候请带我一起去，好吗？
プロデューサーさん\n眉間にしわが寄ってますよ？,制作人先生\n你的眉间有皱纹哦？
プロデューサーさ〜ん……\n……私、期待しちゃってた\nみたいです……,制作人……\n我，好像是在期待着什么呢…
そっかぁ、今日はホワイト\nデーでしたね……！　ふふっ\nありがとうございます♪,这样啊，今天是白色情人节啊……!　呵呵…\n十分感谢♪
わ……！　お返しなんて……\nでも、とっても嬉しいですっ\n……ありがとうございます,哇……！　回礼什么的……\n不过，我非常的开心呢……\n谢谢。
お願いごと……アイドルとして頑張っていれば、あの星まで届くでしょうか……？,想要实现的愿望……如果作为偶像努力下去的话，有朝一日能否传达到那颗星星上呢……？
プロデューサーさん。\nせっかくなので、お月見しな\nがら少し休憩しませんか？,制作人。\n机会难得\n趁赏月的时候休息一会怎么样？
わんわんっ！　……ええと、\nハロウィンなので、いたずら\nのつもりでした……！,汪汪！　……那个\n因为是万圣节，所以本打算恶作剧一下的……!
挨拶は、プロデューサーさんに\n教えていただいた\n基本、ですから,因为问候，是制作人告诉我的\n最基本的事
……私にできることがあったら\nなんでも、言ってくださいね,……只要是我能够做到的事\n不管是什么，都请和我说哦
いつか、プロデューサーさんに\n本当に頼ってもらえるように\nなりたいなって……,有朝一日，\n希望能让制作人真正的依靠我呢……
なでなで……？\nもう、ふふ……\n子どもじゃないですから,摸头……？\n真是的，呵呵……\n又不是小孩子了
──優しいです、それは……\nずるいです……,──真温柔呢，但是……\n好狡猾啊……
あっ……ええと……\nどういう……,啊……那个……\n这到底是……
ダメです、プロデューサーさん\nそういうの、\n勘違いされちゃいますよ？,不行的哦，制作人\n那样做会被人误会的哦？
わ、すみません……！\n私、ぼんやりしてました……？,哇、对不起……！\n我，刚才发呆了吗……？
──いたた……\n筋肉痛みたいです\nふふ、見抜かれちゃいますね,──疼疼疼……\n肌肉好像开始疼了\n呵呵，被看穿了呢
この場所には……\n小さな幸せが、\nたくさんですね……！,在这个地方……\n堆积着许多小小的幸福……！
幸せ──……\nプロデューサーさんの\n優しさのおかげです,好幸福──……\n是因为制作人的温柔呢
今、この時間だけは\n──ふたり占め……なんて,仅仅此时此刻\n──只属于二人的时间……什么的
人が、観覧車に乗る理由──\n……こんな時間を過ごすため\nなのかもしれないなぁって,人们，乘坐摩天轮的理由──\n……可能就是为了\n度过这样的时间也说不定
神様も知らない　秘密の花園\n夜が明ける前に会いに来て──,连神也不知道的　秘密的花园\n在拂晓之前来与我相见吧——
どんな夜明けも、\nプロデューサーさんと一緒なら\n大丈夫だから……,无论是怎样的黎明，\n只要和制作人在一起的话\n就没问题了……
今日のステージをたとえるなら\n開花の時──そんな気持ちです\n……ふふ、大げさでしょうか？,如果要拿今天的舞台作比喻的话\n开花之时──那样的心情\n……呵呵，是不是太夸张了呢？
今日の桑山千雪も、\nきっと見守っていてくださいね,今天的桑山千雪\n也请你好好的守护着哦

#朝日↓,
願いって、誰が、どうやって聞き届けてくれてるんすかねぇ……,愿望，到底是谁、通过什么方法接收到的呢…
あのウサギ、すごい進化してるっすよね！　酸素がなくても生きられるってすごいっす！,那只兔子，进化的很厉害啊！　不需要氧气也能生存什么的，真厉害呢！
毎日ハロウィンだといいっすね！　面白い格好の人、街でたくさん見れるっすから！,如果每天都是万圣节就好了呢！　因为在街上见到了好多穿着有趣衣服的人！
あはは、\nワクワクしてきたっす！,啊哈哈，\n真是兴奋不已呢！
プロデューサーさん、この間\nすごい人見つけたんすよ！,制作人，\n最近我发现了很厉害的人呢！
あ、どしたっすか？　\nプロデューサーさん？,啊，怎么了？　\n制作人？
意味もなくわしゃわしゃ\nしないでほしいっす,希望不要再做\n这种意义不明的抚摸行为
あはは！\nプロデューサーさん\n撫でるの上手いっすね！,啊哈哈！\n制作人\n很擅长摸头呢！
プロデューサーさんって\n意味ないことするの\n好きなんすか？　ヒマなんすね,制作人\n很喜欢做这种意义不明的事情吗？\n真闲呢
どういう意味っすか、これ？\n教えてほしいっす\nそしたら何も言わないっす,什么意思啊、这个？\n希望你能告诉我呢\n这样我就不说什么了
ん？　なんすか？\nプロデューサーさんの\n気配くらいわかるっすよ？,嗯？　怎么了？\n制作人的\n气息还是能感受到的哦？
気付いてても\n避けないっす！,即使注意到了\n我也不会避开的！
助手やってくれるっすか、\nプロデューサーさん！,来当我的助手吗、\n制作人！
飛行機来てるっす！\n追いかけるっすよー！,飞机飞过来了！\n要追上去了哦ー！
手、出してほしいっす\nプロデューサーさんにも\nクワガタ見せたいんで,手、希望能伸出来呢\n因为想让制作人看看\n这个大锹形虫呢！
行くだけっす\n行く以外の選択肢がないっすから,只能上了\n因为除此以外没有其他选项了
来るっすよ\nすごいもの見せてあげるっす,来了呢\n我要让你看看很厉害的东西
わたしたちの光\n受け止めてほしいっす！\nさぁ、行くっすよ！,我们的光芒\n希望你能够接收到！\n好，出发吧！
あ！\nおはよっす！,啊！\n早上好！
今日は何をするっす？,今天要做什么呢？
何か面白いこと\nないっすかね～,就没有什么有趣的事情吗～
今日はなんか起きる気がするっす～,感觉今天会发生些什么～
えっ？　何してるんすか？,诶？在做什么啊？
これ、なんの意味が\nあるんすか？,这个，有什么意义吗？
ん～……なんか嫌な感じっす,嗯……感觉很不好
ん？　どうかしたんすか？,嗯？怎么了吗?
プロデューサーさんも\n退屈なんすか？,制作人也很无聊吗？
わっ！\nもー、急になんなんすか？,哇！\n真是，突然干什么啊？
それっ！\nあ、靴飛ばしたら\n立ったっす！,
あ！　今何か光ったっすよ！\n窓の外！,啊！刚才在窗外，\n有什么闪闪发光的东西！
む～……\n何も起きないっす～,唔……\n什么都没有发生啊～
プロデューサーさん！\n今日は何かいいことが\n起きそうっすね！,
おはよーっす！　\nプロデューサーさんも\nごきげんそうっすね！,
さっき、\n面白いことあったんすよ！\nあはは、聞きたいっすか？,
嫌じゃないんすけど……\n相変わらず意味が\nわかんないっす,虽然不讨厌……\n还是一如既往不知道有什么意义的事呢
プロデューサーさんは\n楽しい感じなんすか？\nこれ,制作人，做这种事，\n感觉很开心吗？
なんか鼓動が\n早くなるんすよね,感觉心跳是不是快了一点呢
あ！　暇だったり\nするっすか？\nじゃあ一緒に遊ぶっす！,啊！你也很闲吗？\n那么一起玩吧！
！\n今の刺激ですごいこと\nひらめいたっす！,! 通过刚刚的刺激\n想到很不得了的东西了
プロデューサーさん、\nよく触るっすね\nあはは、触り返すっすよ！,制作人，老是来摸呢。\n啊哈哈，我要摸回去咯！
プロデューサーさん！\n楽しいこと思いついたっす！\n一緒にやるっすよ,
ワクワクするっす～,
テレビ見るっすよ！\nプロデューサーさん！\n面白そうなのやってるっす！,

#冬优子,
願い事とか、見える場所に飾るの苦手なのよね……\n……見たら承知しないから！,愿望什么的，真是不喜欢放在可以看得见的地方呢……\n……敢看的话我可饶不了你！
ぼーっと月見てるだけの何が楽しいんだか……ねえあんた、なんか面白いことしなさいよ,真搞不懂只是呆呆地看月亮有什么好玩的……喂，你快点做些有意思的事吧
ねえ、お菓子ある？\n……あ、持ってんの？\nじゃあ後でにするわ,呐，你带着点心吗？\n……啊，带着的吗？那待会儿就要做了哦
プロデューサーさんには……\nなんでもお見通しなんですね♡,制作人真的是……\n什么都能想得到呢♡
ふゆは、どんなアイドルになれると思いますか？,你觉得，冬优会成为什么样的偶像呢?
もっともっと、みんなに\n楽しい気持ちを届けられるよう頑張ります,冬优会更加努力，\n因为要把快乐的心情传递给大家
ちょっとバカ\nちゃんとセットしてるんだから\nやめなさい,喂 笨蛋\n好不容易做好的发型\n快住手
ふふ、サラサラでしょ\nこれでも結構\n気を遣ってるんだから,哼哼，很光滑吧\n别看这样冬优可是很用心保养的啊
……まずは土下座\nそれで、許すかどうか\n検討だけはしてあげる,……先跪下吧\n然后，冬优就考虑一下是否原谅你
……ふゆ、自分の\nプロデューサーが逮捕なんて話\n聞きたくないんだけど,……冬优，可不想听到自己的制作人\n被逮捕之类的事情哦
な、何よ……\n言いたいことがあるなら\n言いなさいよ,干，干什么啊……\n如果你有话想说的话就请说啊
ひゃわ……っ！\n……あんた、今の聞いた？\n聞いたんなら忘れなさい今すぐ,啊呜……啊！\n……刚才的，你听到了吗？\n听到了的话现在马上忘掉
わあ～♡\nこのセット、\nすっごく可愛いです～♡,哇啊～♡\n这个发型，真的好可爱啊～♡
お疲れ様です、プロデューサーさん\n今日もいっぱい頑張りますね♡,辛苦了，制作人先生\n冬优今天也会加倍努力哦♡
今日はどんなドキドキが\n待ってるんだろう……\nとっても楽しみです,今天会有什么让人心动的事情\n在等着冬优呢……\n真是期待
アイドルのお仕事、すごく楽しいです\nもっといろんなことがしてみたいな♡,偶像的工作，非常开心\n好想尝试更多各种各样的事啊♡
なんか今日は、いいことがありそうな……,总觉得今天会有好事发生……
ざっけ……\n……や、やーん、どうしたんですか？,开什么玩……\n……噫，呀——，怎么了吗？
……何してるんですか？,……你在做什么呢？
こんなことをするために、\nふゆをアイドルにしたんですか……？,就为了做这种事，\n才让冬优成为偶像的吗……？
きゃ……っ\n……ふゆも触り返しちゃいますよ、えーい！,呀……\n……冬优要碰回去了哟，\n嘿——！
プロデューサーさん……\nふゆ、こういうのは……その……,制作人先生……\n冬优，对这种事情……那个……
ふゆなんて触っても楽しくないですよ……,就算触碰冬优也没什么可开心的哟……
プロデューサーさん、\nそこにいますか……？,制作人先生，\n在那里吗……？
ふゆ、寂しいのは苦手です……\nプロデューサーさん……,冬优
